序号,转债名称,转债代码,股票名称,股票代码,行业,转债价格,涨跌,盘中套利,股价,涨跌.1,转债成交额,转债换手率,转股价格,P/B,股价/转股价,转股价值,转股溢价率,距离转股日,剩余年限,回售年限,余额/市值,余额/股本,转债余额,税前收益率,税后收益率,加权收益率,税前回售收益,税后回售收益,回售价值,纯债价值,期权价值,内在价值,价值溢价,历史波动,隐含波动,预测波动,弹性,涨修正弹,跌修正弹,信用,折现率,热门度,转债名称.1
1,川投转债,110061,川投能源,600674,能源电力,114.0,0.02%,0.18%,9.74,0.31%,67.0,1.5%,9.92,1.64,-1.8%,98.19,16.1%,5月11天,5.94年,3.94年,9.3%,9.2%,40.0,-0.46%,-0.79%,-0.52%,-2.34%,-2.50%,88.23,88.29,23.02,111.31,2.4%,17%,18%,16%,0.63,0.04,1.22,AAA,4.0%,14,川投转债
2,通光转债,123034,通光线缆,300265,通信互联网,100.91799999999999,-0.02%,0.02%,7.63,0.00%,6.7,2.2%,7.98,2.51,-4.4%,95.61,5.5%,5月4天,5.92年,3.92年,11.5%,11.0%,3.0,2.81%,2.24%,2.69%,0.75%,0.55%,77.67,77.92,33.12,111.05,-9.1%,50%,5%,17%,0.71,1.64,-0.12,A+,7.5%,17,通光转债
3,金力转债,123033,金力永磁,300748,电子,107.3,1.29%,3.54%,42.61,6.87%,91.0,19.5%,41.2,15.06,3.4%,103.42,3.7%,5月3天,5.91年,3.91年,2.5%,2.6%,4.4,2.24%,1.58%,2.11%,-0.44%,-0.70%,83.39,87.17,31.78,118.95,-9.8%,82%,<2%,16%,0.7,2.3,-0.7,AA-,6.0%,11,金力转债
4,石英转债,113548,石英股份,603688,电子,114.2,0.65%,-0.74%,16.26,-0.12%,7.4,1.8%,15.25,3.83,6.6%,106.62,7.1%,4月27天,5.90年,3.90年,6.6%,7.0%,3.6,1.55%,0.83%,1.41%,-2.13%,-2.35%,82.86,89.16,33.31,122.48,-6.8%,52%,8%,17%,0.7,1.55,-0.08,AA-,6.0%,13,石英转债
5,天路转债,110060,西藏天路,600326,建筑,107.41,0.22%,-0.31%,6.82,-0.15%,25.0,2.1%,7.24,1.73,-5.8%,94.2,14.0%,4月28天,5.90年,3.90年,18.4%,17.3%,10.9,1.23%,0.76%,1.14%,-0.85%,-1.02%,85.30,86.94,22.44,109.38,-1.8%,46%,14%,16%,0.6,0.58,0.64,AA,5.0%,9,天路转债
6,浦发转债,110059,浦发银行,600000,金融,104.34,-0.08%,-0.25%,11.75,-0.93%,386.0,0.7%,15.05,0.72,-21.9%,78.07,33.6%,5月0天,5.90年,无权,14.5%,11.3%,500.0,2.13%,1.58%,2.02%,无权,无权,无权,93.99,9.97,103.96,0.4%,22%,19%,17%,0.35,0.2,0.5,AAA,4.0%,39,浦发转债
7,北方转债,127014,北方国际,65,建筑,108.05,0.26%,-0.39%,8.0,-0.25%,4.7,0.8%,8.84,1.33,-9.5%,90.5,19.4%,4月26天,5.89年,3.89年,9.4%,8.5%,5.8,1.18%,0.70%,1.08%,-0.92%,-1.12%,87.27,89.69,18.81,108.5,-0.4%,49%,17%,17%,0.53,0.36,0.71,AA+,4.5%,16,北方转债
8,索发转债,113547,索通发展,603612,其他,106.62,0.14%,-0.08%,9.85,0.10%,18.0,1.7%,10.67,1.34,-7.7%,92.31,15.5%,4月26天,5.89年,3.89年,28.5%,26.3%,9.5,1.94%,1.36%,1.82%,-0.52%,-0.73%,85.90,89.92,20.81,110.73,-3.7%,63%,13%,17%,0.55,0.94,0.21,AA,5.0%,10,索发转债
9,迪贝转债!,113546,迪贝电气,603320,家电,99.24,0.21%,0.78%,16.25,1.63%,5.9,2.6%,18.45,2.54,-11.9%,88.08,12.7%,4月25天,5.88年,3.88年,14.2%,12.5%,2.3,3.52%,2.87%,3.39%,1.28%,1.06%,78.20,79.88,27.32,107.2,-7.4%,55%,10%,18%,0.61,1.07,0.19,A+,7.5%,16,迪贝转债!
10,英联转债,128079,英联股份,2846,造纸包装印刷,106.3,0.30%,0.52%,14.28,1.06%,8.8,3.9%,13.54,4.37,5.5%,105.47,0.8%,4月23天,5.88年,3.88年,7.7%,8.1%,2.1,1.81%,1.26%,1.70%,-0.53%,-0.72%,77.91,77.74,41.79,119.53,-11.1%,65%,<2%,18%,0.78,2.36,-0.61,A+,7.5%,23,英联转债
11,太极转债,128078,太极股份,2368,计算机及应用,124.8,0.24%,-0.51%,35.33,-0.37%,17.0,1.4%,31.61,5.13,11.8%,111.77,11.7%,4月23天,5.88年,3.88年,6.9%,7.7%,10.0,-1.07%,-1.57%,-1.17%,-4.49%,-4.66%,85.38,88.52,34.6,123.13,1.4%,45%,19%,16%,0.75,0.19,1.3,AA,5.0%,14,太极转债
12,华夏转债,128077,华夏航空,2928,交通运输,110.2,0.08%,0.23%,10.51,0.48%,1.9,0.2%,10.52,2.59,-0.1%,99.9,10.3%,4月18天,5.86年,3.86年,12.5%,12.5%,7.9,1.61%,0.99%,1.49%,-1.41%,-1.60%,82.56,86.44,30.07,116.51,-5.4%,57%,12%,18%,0.65,1.17,0.18,AA-,6.0%,22,华夏转债
13,金轮转债,128076,金轮股份,2722,机械装备制造,104.2,0.32%,-0.37%,14.68,-0.07%,3.3,1.5%,14.96,1.37,-1.9%,98.13,6.2%,4月16天,5.86年,3.86年,8.3%,8.2%,2.1,1.77%,1.30%,1.68%,-0.10%,-0.28%,82.29,82.49,29.83,112.33,-7.2%,45%,8%,17%,0.69,1.66,-0.19,AA-,6.0%,18,金轮转债
14,金能转债,113545,金能科技,603113,煤炭,104.22,0.02%,-0.07%,10.14,-0.10%,152.0,9.7%,11.55,1.26,-12.2%,87.79,18.7%,4月14天,5.86年,3.86年,21.9%,19.2%,15.0,1.77%,1.29%,1.68%,-0.10%,-0.28%,85.46,87.1,18.71,105.81,-1.5%,47%,16%,17%,0.53,0.47,0.6,AA,5.0%,15,金能转债
15,万里转债!,123032,万里马,300591,服装纺织,100.089,0.00%,0.40%,5.53,0.91%,1.2,0.7%,6.92,3.42,-20.1%,79.91,25.2%,4月13天,5.85年,3.85年,10.4%,8.3%,1.8,5.13%,4.17%,4.94%,1.92%,1.54%,81.18,88.32,19.41,107.72,-7.1%,54%,9%,18%,0.44,0.86,0.06,A+,7.5%,31,万里转债!
16,游族转债!,128074,游族网络,2174,通信互联网,115.441,0.82%,0.58%,16.29,2.45%,13.0,1.0%,17.06,2.73,-4.5%,95.49,20.9%,3月22天,5.80年,3.80年,7.9%,7.6%,11.5,0.73%,0.12%,0.60%,-2.67%,-2.84%,85.70,91.11,21.93,113.04,2.1%,42%,21%,17%,0.57,-0.25,1.4,AA,5.0%,21,游族转债!
17,远东转债,128075,远东传动,2406,汽车,105.34,0.70%,0.97%,5.36,2.88%,4.6,0.5%,5.79,1.15,-7.4%,92.57,13.8%,3月22天,5.80年,3.80年,29.7%,27.5%,8.9,1.58%,1.10%,1.49%,-0.40%,-0.58%,85.60,87.25,21.8,109.05,-3.4%,30%,13%,17%,0.58,0.89,0.3,AA,5.0%,13,远东转债
18,桃李转债,113544,桃李面包,603866,食品饮料,116.75,0.13%,-0.07%,41.3,0.12%,6.9,0.6%,47.54,7.88,-13.1%,86.87,34.4%,3月21天,5.79年,3.79年,3.7%,3.2%,10.0,-0.22%,-0.69%,-0.31%,-2.95%,-3.13%,85.73,87.38,17.12,104.5,11.7%,39%,33%,16%,0.51,-1.97,3.22,AA,5.0%,19,桃李转债
19,晶瑞转债,123031,晶瑞股份,300655,石油天然气化工,134.7,1.13%,-0.15%,28.36,1.03%,96.0,39.2%,18.38,8.26,54.3%,154.3,-12.7%,3月0天,5.73年,3.73年,4.3%,6.6%,1.9,-2.59%,-3.06%,-2.68%,-6.54%,-6.70%,78.44,77.37,84.06,161.43,-16.6%,69%,<2%,18%,0.94,4.75,-2.13,A+,7.5%,25,晶瑞转债
20,哈尔转债,128073,哈尔斯,2615,其他,105.56,-0.62%,0.62%,5.26,0.00%,0.5,0.1%,5.8,2.45,-9.3%,90.69,16.4%,2月24天,4.71年,2.71年,13.9%,12.6%,3.0,1.99%,1.39%,1.87%,-1.04%,-1.20%,86.72,88.25,18.76,107.01,-1.4%,42%,16%,17%,0.54,0.3,0.79,AA-,6.0%,25,哈尔转债
21,九洲转债,123030,九洲电气,300040,能源电力,103.686,0.31%,-0.08%,5.32,0.38%,0.9,0.3%,5.7,0.94,-6.7%,93.33,11.1%,2月23天,5.71年,3.71年,16.9%,15.8%,3.1,2.72%,2.08%,2.59%,0.08%,-0.12%,83.20,86.99,24.75,111.73,-7.2%,40%,9%,18%,0.59,1.48,-0.2,AA-,6.0%,31,九洲转债
22,翔鹭转债!,128072,翔鹭钨业,2842,有色金属,105.0,0.50%,0.71%,11.51,2.95%,1.8,0.6%,15.36,3.78,-25.1%,74.93,40.1%,2月22天,5.71年,3.71年,9.6%,7.2%,3.0,1.72%,1.22%,1.62%,-0.29%,-0.48%,83.04,83.37,14.27,97.64,7.5%,68%,30%,18%,0.41,-1.59,2.53,AA-,6.0%,17,翔鹭转债!
23,英科转债,123029,英科医疗,300677,医药,113.449,0.09%,-0.05%,15.36,0.07%,1.2,0.2%,16.25,2.21,-5.5%,94.52,20.0%,2月20天,5.70年,3.70年,15.4%,14.6%,4.7,3.71%,2.62%,3.49%,-1.34%,-1.71%,86.39,100.57,20.36,120.94,-6.2%,70%,10%,17%,0.48,1.14,-0.11,AA-,6.0%,30,英科转债
24,合兴转债,128071,合兴包装,2228,造纸包装印刷,105.601,0.00%,-0.54%,3.89,-1.02%,4.4,0.7%,4.38,1.58,-11.2%,88.81,18.9%,2月20天,5.70年,3.70年,13.1%,11.6%,6.0,1.55%,1.07%,1.45%,-0.50%,-0.68%,85.94,87.6,19.71,107.31,-1.6%,35%,17%,18%,0.53,0.48,0.6,AA,5.0%,20,合兴转债
25,欧派转债,113543,欧派家居,603833,其他,119.62,0.12%,-0.20%,102.19,-0.12%,5.3,0.3%,101.46,4.9,0.7%,100.72,18.8%,2月20天,5.70年,4.70年,3.5%,3.5%,15.0,-0.66%,-1.13%,-0.75%,-2.56%,-2.77%,83.62,87.79,26.35,114.14,4.8%,40%,24%,16%,0.67,-0.6,1.96,AA,5.0%,19,欧派转债
26,好客转债,113542,好莱客,603898,其他,105.31,0.30%,0.09%,14.38,0.77%,1.7,0.3%,16.62,1.84,-13.5%,86.52,21.7%,2月3天,5.66年,3.66年,14.2%,12.2%,6.3,1.65%,1.15%,1.55%,-0.38%,-0.57%,86.31,87.97,17.21,105.18,0.1%,32%,18%,17%,0.5,0.12,0.88,AA,5.0%,22,好客转债
27,荣晟转债,113541,荣晟环保,603165,造纸包装印刷,100.94,-0.34%,0.06%,16.38,-0.49%,1.0,0.3%,18.72,2.17,-12.5%,87.5,15.4%,54天,5.63年,3.63年,11.4%,9.9%,3.3,2.47%,1.96%,2.37%,0.80%,0.59%,83.58,83.78,22.03,105.81,-4.6%,56%,13%,18%,0.56,0.89,0.27,AA-,6.0%,36,荣晟转债
28,南威转债,113540,南威软件,603636,计算机及应用,115.36,0.19%,-0.33%,10.57,-0.19%,2.8,0.4%,10.13,3.17,4.3%,104.34,10.6%,44天,5.61年,3.61年,11.9%,12.4%,6.6,0.41%,-0.15%,0.30%,-2.72%,-2.92%,83.75,85.71,33.57,119.28,-3.3%,87%,15%,18%,0.71,0.81,0.63,AA-,6.0%,27,南威转债
29,圣达转债,113539,圣达生物,603079,医药,121.73,5.28%,3.00%,37.92,9.34%,95.0,26.8%,28.78,5.16,31.8%,131.76,-7.6%,34天,5.58年,3.58年,7.0%,9.3%,3.0,-0.02%,-0.68%,-0.15%,-3.98%,-4.21%,80.24,82.07,60.11,142.18,-14.4%,65%,<2%,17%,0.89,3.81,-1.55,A+,7.5%,39,圣达转债
30,智能转债!,128070,智能自控,2877,机械装备制造,98.95,0.14%,0.21%,7.74,0.65%,0.5,0.2%,9.55,3.76,-19.0%,81.05,22.1%,33天,5.57年,无权,8.9%,7.2%,2.3,3.30%,2.70%,3.18%,无权,无权,无权,79.69,21.88,101.57,-2.6%,73%,16%,18%,0.55,-0.02,1.12,A+,7.5%,28,智能转债!
31,安图转债,113538,安图生物,603658,医药,146.07,1.72%,0.65%,100.79,2.53%,52.0,5.2%,64.11,19.87,57.2%,157.21,-7.1%,29天,5.56年,3.56年,1.6%,2.5%,6.8,-4.26%,-4.71%,-4.35%,-8.87%,-9.03%,86.51,88.18,74.99,163.16,-10.5%,43%,<2%,16%,0.93,3.28,-1.07,AA,5.0%,24,安图转债
32,华森转债!,128069,华森制药,2907,医药,104.8,-1.78%,1.97%,18.99,0.26%,116.0,37.0%,18.08,8.0,5.0%,105.03,-0.2%,24天,5.55年,3.55年,3.9%,4.1%,3.0,2.60%,1.94%,2.47%,-0.21%,-0.42%,83.96,87.78,30.9,118.68,-11.7%,65%,<2%,16%,0.71,2.83,-1.11,AA-,6.0%,31,华森转债!
33,清水转债,123028,清水源,300437,城市公用设施,100.81299999999999,-0.32%,0.32%,10.17,0.00%,1.3,0.3%,11.95,1.5,-14.9%,85.1,18.5%,19天,5.54年,3.54年,22.1%,18.8%,4.9,3.66%,2.93%,3.52%,1.20%,0.92%,85.15,89.42,18.56,107.97,-6.6%,37%,10%,18%,0.48,1.25,-0.21,AA-,6.0%,35,清水转债
34,环境转债,113028,上海环境,601200,城市公用设施,117.8,0.00%,-0.51%,10.88,-0.73%,2.6,0.1%,10.44,1.58,4.2%,104.21,13.0%,18天,5.54年,3.54年,21.8%,22.8%,21.7,-1.09%,-1.44%,-1.16%,-3.46%,-3.63%,88.06,87.38,28.21,115.59,1.9%,42%,20%,16%,0.7,0.14,1.26,AAA,4.5%,18,环境转债
35,华钰转债,113027,华钰矿业,601020,有色金属,100.68,0.38%,1.15%,8.89,3.01%,4.8,0.8%,10.17,2.18,-12.6%,87.41,15.2%,14天,5.52年,3.52年,13.7%,12.0%,6.4,2.52%,2.00%,2.41%,0.81%,0.61%,86.76,88.44,17.3,105.74,-4.8%,45%,12%,17%,0.51,1.18,-0.1,AA,5.0%,47,华钰转债
36,蓝晓转债,123027,蓝晓科技,300487,石油天然气化工,114.90100000000001,0.49%,-0.52%,34.0,-0.03%,2.7,0.7%,29.58,6.0,14.9%,114.94,-0.0%,11天,5.52年,3.52年,4.8%,5.6%,3.4,0.81%,0.18%,0.68%,-2.47%,-2.71%,80.68,81.35,46.37,127.73,-10.0%,78%,<2%,17%,0.82,2.38,-0.54,A+,7.5%,24,蓝晓转债
37,文灿转债!,113537,文灿股份,603348,汽车,105.8,0.00%,0.00%,19.18,0.00%,0.0,0.0%,19.93,2.09,-3.8%,96.24,9.9%,8天,5.51年,3.51年,19.0%,18.2%,8.0,2.68%,1.98%,2.54%,-0.23%,-0.49%,84.92,89.19,25.17,114.36,-7.5%,56%,8%,17%,0.61,1.59,-0.27,AA-,6.0%,43,文灿转债!
38,中环转债,123026,中环环保,300692,城市公用设施,104.96600000000001,0.40%,-0.51%,11.95,-0.17%,1.2,0.4%,12.31,2.37,-2.9%,97.08,8.1%,10天,4.51年,2.51年,15.2%,14.7%,2.9,1.29%,0.83%,1.20%,-0.61%,-0.85%,88.45,85.86,25.43,111.29,-5.7%,68%,10%,18%,0.64,1.44,-0.09,AA-,6.0%,31,中环转债
39,和而转债,128068,和而泰,2402,电子,123.814,-0.13%,-0.56%,11.1,-0.80%,8.2,1.2%,9.09,5.23,22.1%,122.11,1.4%,5.6天,5.50年,3.50年,5.8%,7.0%,5.5,-1.63%,-2.06%,-1.72%,-4.74%,-4.93%,84.04,82.8,48.02,130.81,-5.3%,41%,<2%,16%,0.86,1.7,0.1,AA-,6.0%,32,和而转债
40,三星转债,113536,三星新材,603578,家电,104.46,0.80%,-0.74%,18.92,0.11%,1.0,0.5%,19.75,2.94,-4.2%,95.8,9.0%,0.6天,5.49年,3.49年,11.3%,10.9%,1.9,1.83%,1.32%,1.73%,-0.20%,-0.40%,86.93,88.61,23.59,112.2,-6.9%,49%,10%,18%,0.59,1.75,-0.44,AA,5.0%,46,三星转债
41,大业转债!,113535,大业股份,603278,汽车,98.22,0.10%,0.21%,8.71,1.40%,0.8,0.2%,12.56,1.59,-30.7%,69.35,41.6%,转股中,4.43年,2.43年,19.8%,13.7%,5.0,3.37%,2.79%,3.25%,1.57%,1.40%,90.18,91.73,5.6,97.33,0.9%,48%,21%,18%,0.22,-0.15,0.59,AA,5.0%,35,大业转债!
42,一心转债,128067,一心堂,2727,医药,112.05,1.49%,-0.89%,22.09,1.38%,6.5,1.0%,27.28,2.87,-19.0%,80.98,38.4%,转股中,5.37年,3.37年,4.8%,3.9%,6.0,0.19%,-0.25%,0.10%,-2.19%,-2.38%,87.42,87.56,12.87,100.43,11.6%,37%,33%,16%,0.44,-1.98,3.06,AA,5.0%,20,一心转债
43,亚泰转债!,128066,亚泰国际,2811,建筑,107.27,0.63%,1.73%,15.53,3.26%,19.0,3.8%,14.8,1.93,4.9%,104.93,2.2%,转股中,5.37年,3.37年,17.2%,18.0%,4.8,1.83%,1.23%,1.71%,-0.79%,-1.03%,85.17,86.97,31.31,118.28,-9.3%,42%,<2%,16%,0.72,2.26,-0.63,AA-,6.0%,50,亚泰转债!
44,永鼎转债!,110058,永鼎股份,600105,通信互联网,100.6,-0.10%,-0.69%,4.23,-3.42%,10.0,1.0%,6.35,1.9,-33.4%,66.61,51.0%,转股中,5.36年,3.36年,18.6%,12.4%,9.8,2.63%,2.10%,2.52%,0.90%,0.69%,87.55,89.23,6.11,95.35,5.5%,44%,27%,17%,0.23,-1.07,1.56,AA,5.0%,47,永鼎转债!
45,雅化转债!,128065,雅化集团,2497,石油天然气化工,96.76,0.00%,0.08%,6.04,0.33%,3.0,0.4%,8.96,2.11,-32.6%,67.41,43.5%,转股中,5.36年,3.36年,13.8%,9.3%,8.0,2.70%,2.29%,2.62%,2.03%,1.81%,87.55,86.16,6.92,93.07,4.0%,50%,24%,16%,0.24,-0.73,1.21,AA,5.0%,47,雅化转债!
46,创维转债!,127013,创维数字,810,电子,109.3,0.51%,1.01%,10.72,2.78%,3.1,0.3%,11.49,3.31,-6.7%,93.3,17.2%,转股中,5.36年,3.36年,9.2%,8.6%,10.4,1.52%,0.91%,1.39%,-1.47%,-1.67%,87.56,91.56,18.66,110.22,-0.8%,47%,16%,16%,0.55,0.37,0.72,AA,5.0%,42,创维转债!
47,核能转债!,113026,中国核电,601985,能源电力,105.14,0.13%,0.32%,4.88,1.24%,54.0,0.7%,6.2,1.58,-21.3%,78.71,33.6%,转股中,5.36年,3.36年,10.3%,8.1%,78.0,0.86%,0.51%,0.79%,-0.45%,-0.64%,90.24,89.5,9.03,98.52,6.7%,18%,23%,15%,0.36,-0.96,1.72,AAA,4.0%,42,核能转债!
48,明泰转债!,113025,明泰铝业,601677,有色金属,108.92,-0.07%,0.18%,10.58,0.19%,3.5,0.2%,11.3,0.93,-6.4%,93.63,16.3%,转股中,5.35年,3.35年,28.2%,26.4%,18.4,1.13%,0.60%,1.02%,-1.37%,-1.57%,87.65,89.47,20.05,109.52,-0.5%,29%,16%,16%,0.58,0.33,0.83,AA,5.0%,53,明泰转债!
49,鼎胜转债!,113534,鼎胜新材,603876,有色金属,98.78,-0.52%,0.25%,12.45,-0.64%,9.2,0.7%,15.28,1.42,-18.5%,81.48,21.2%,转股中,5.34年,3.34年,23.4%,19.1%,12.5,3.00%,2.46%,2.89%,1.44%,1.22%,87.63,89.32,12.42,101.74,-2.9%,52%,13%,16%,0.42,0.7,0.17,AA,5.0%,60,鼎胜转债!
50,核建转债!,113024,中国核建,601611,建筑,102.89,0.12%,-0.29%,6.88,-0.72%,4.5,0.1%,9.87,1.89,-30.3%,69.71,47.6%,转股中,5.34年,3.34年,16.6%,11.6%,30.0,1.26%,0.91%,1.19%,0.14%,-0.05%,90.21,89.47,5.92,95.39,7.9%,33%,29%,16%,0.24,-1.27,1.8,AAA,4.0%,37,核建转债!
51,司尔转债!,128064,司尔特,2538,石油天然气化工,97.13,-0.15%,0.30%,4.58,0.44%,1.6,0.2%,6.15,0.9,-25.5%,74.47,30.4%,转股中,5.34年,3.34年,24.3%,18.1%,8.0,3.33%,2.79%,3.22%,1.93%,1.71%,87.64,89.33,8.81,98.14,-1.0%,34%,16%,16%,0.33,0.23,0.43,AA,5.0%,57,司尔转债!
52,未来转债,128063,德尔未来,2631,其他,102.6,0.00%,0.26%,7.02,0.72%,5.0,0.8%,8.67,2.71,-19.0%,80.97,26.7%,转股中,5.33年,4.33年,13.4%,10.9%,6.3,4.47%,3.54%,4.29%,1.46%,1.06%,84.69,95.19,12.18,107.37,-4.4%,48%,11%,16%,0.37,0.74,0.02,AA-,6.0%,51,未来转债
53,参林转债,113533,大参林,603233,医药,143.61,4.41%,-0.56%,52.12,4.24%,44.0,10.7%,36.5,8.08,42.8%,142.79,0.6%,转股中,5.33年,3.33年,1.1%,1.5%,2.9,-4.44%,-4.86%,-4.53%,-8.98%,-9.15%,87.60,87.75,61.73,149.48,-3.9%,49%,<2%,16%,0.91,1.64,0.24,AA,5.0%,29,参林转债
54,海环转债!,113532,海峡环保,603817,城市公用设施,103.0,0.01%,-0.01%,6.24,0.00%,1.3,0.3%,7.75,1.76,-19.5%,80.52,27.9%,转股中,5.32年,3.32年,16.4%,13.2%,4.6,1.84%,1.38%,1.75%,0.22%,0.01%,87.71,87.86,13.25,101.11,1.9%,48%,21%,17%,0.43,-0.28,1.15,AA,5.0%,36,海环转债!
55,亚药转债!,128062,亚太药业,2370,医药,90.12299999999999,1.20%,-1.06%,6.95,9.97%,23.0,2.6%,16.25,1.5,-57.2%,42.77,111%,转股中,5.32年,3.32年,25.9%,11.1%,9.7,5.65%,4.94%,5.51%,4.11%,3.90%,87.52,93.06,0.29,93.36,-3.5%,61%,<2%,16%,0.01,0.71,-0.63,AA,5.0%,100,亚药转债!
56,现代转债,110057,现代制药,600420,医药,107.52,0.02%,-0.07%,8.45,-0.12%,0.7,0.0%,9.99,1.23,-15.4%,84.58,27.1%,转股中,5.32年,3.32年,18.6%,15.8%,16.2,0.61%,0.23%,0.53%,-1.10%,-1.29%,90.37,90.44,12.38,102.82,4.6%,48%,23%,16%,0.45,-0.52,1.42,AAA,4.0%,35,现代转债
57,百姓转债,113531,老百姓,603883,医药,122.44,1.17%,-1.15%,66.71,0.01%,4.9,1.2%,60.09,5.78,11.0%,111.02,10.3%,转股中,4.31年,2.31年,1.7%,1.9%,3.3,-1.94%,-2.45%,-2.04%,-7.24%,-7.36%,90.14,91.42,28.33,119.75,2.2%,36%,21%,16%,0.73,0.07,1.39,AA,5.0%,21,百姓转债
58,精测转债!,123025,精测电子,300567,电子,111.98,2.73%,2.86%,45.18,10.0%,11.0,2.8%,50.25,8.36,-10.1%,89.91,24.5%,转股中,5.31年,3.31年,3.4%,3.0%,3.8,0.98%,0.38%,0.86%,-2.09%,-2.31%,85.26,87.06,20.82,107.88,3.8%,73%,23%,17%,0.56,-0.75,1.91,AA-,6.0%,25,精测转债!
59,启明转债,128061,启明星辰,2439,通信互联网,124.505,-0.68%,-0.11%,30.65,-1.13%,1.7,0.1%,28.29,7.73,8.3%,108.34,14.9%,转股中,5.31年,3.31年,3.8%,4.1%,10.5,-0.98%,-1.57%,-1.09%,-5.15%,-5.34%,87.78,91.79,29.19,120.98,2.9%,40%,21%,16%,0.7,-0.19,1.59,AA,5.0%,28,启明转债
60,大丰转债!,113530,大丰实业,603081,建筑,108.86,-0.29%,-0.65%,17.11,-1.55%,3.9,0.6%,16.76,3.72,2.1%,102.09,6.6%,转股中,5.31年,3.31年,9.2%,9.4%,6.3,2.21%,1.49%,2.07%,-1.34%,-1.56%,87.88,94.67,23.25,117.92,-7.7%,52%,6%,16%,0.61,1.97,-0.59,AA,5.0%,52,大丰转债!
61,中装转债!!,128060,中装建设,2822,建筑,139.28,0.12%,0.12%,8.64,0.23%,18.0,14.6%,6.19,2.2,39.6%,139.58,-0.2%,转股中,5.31年,3.31年,1.5%,2.1%,0.9,-3.89%,-4.31%,-3.97%,-8.20%,-8.38%,87.80,87.94,51.64,139.58,-0.2%,64%,<2%,17%,1.0,1.05,0.96,AA,5.0%,49,中装转债!!
62,招路转债,127012,招商公路,1965,机场高速港口,107.99799999999999,-0.46%,0.99%,8.24,0.98%,157.0,2.9%,9.09,1.07,-9.4%,90.65,19.1%,转股中,5.29年,3.29年,9.8%,8.9%,50.0,0.05%,-0.24%,-0.01%,-1.63%,-1.74%,89.16,88.2,15.65,103.85,4.0%,33%,22%,15%,0.54,-0.35,1.43,AAA,4.0%,55,招路转债
63,岱勒转债!,123024,岱勒新材,300700,机械装备制造,98.24600000000001,-0.18%,0.32%,18.63,0.38%,0.5,0.3%,24.9,2.96,-25.2%,74.82,31.3%,转股中,4.29年,2.29年,13.7%,10.2%,2.1,3.45%,2.86%,3.33%,1.61%,1.43%,85.61,83.51,12.23,95.74,2.6%,64%,24%,18%,0.35,-0.71,1.43,A+,7.5%,33,岱勒转债!
64,迪森转债!,123023,迪森股份,300335,能源电力,98.1,-0.01%,-0.06%,5.53,-0.18%,11.0,1.9%,7.19,1.46,-23.1%,76.91,27.5%,转股中,5.29年,4.29年,29.9%,23.0%,6.0,3.17%,2.62%,3.06%,1.70%,1.45%,85.31,89.56,11.24,100.8,-2.7%,39%,15%,18%,0.37,0.62,0.14,AA,5.0%,46,迪森转债!
65,亨通转债!,110056,亨通光电,600487,通信互联网,110.02,-0.88%,0.32%,15.06,-0.99%,14.0,0.7%,15.68,2.19,-4.0%,96.05,14.5%,转股中,5.29年,3.29年,6.0%,5.8%,17.3,0.87%,0.36%,0.77%,-1.74%,-1.94%,89.13,91.61,19.62,111.23,-1.1%,45%,16%,16%,0.57,0.58,0.58,AA+,4.5%,56,亨通转债!
66,通威转债,110054,通威股份,600438,农业,124.65,-0.72%,0.14%,13.58,-0.80%,13.0,0.2%,12.28,3.22,10.6%,110.59,12.7%,转股中,5.28年,3.28年,9.5%,10.5%,50.0,-1.45%,-1.96%,-1.55%,-5.15%,-5.36%,89.62,92.11,30.15,122.26,2.0%,48%,20%,16%,0.72,0.16,1.27,AA+,4.5%,17,通威转债
67,长信转债!,123022,长信科技,300088,通信互联网,129.31,1.02%,-0.71%,8.09,0.37%,28.0,2.0%,6.25,3.5,29.4%,129.44,-0.1%,转股中,5.28年,3.28年,6.0%,7.7%,11.2,-2.19%,-2.68%,-2.29%,-6.23%,-6.42%,87.89,89.58,48.16,137.74,-6.1%,64%,<2%,16%,0.85,2.02,-0.19,AA,5.0%,21,长信转债!
68,伊力转债,110055,伊力特,600197,食品饮料,109.52,0.28%,0.21%,15.07,1.01%,0.9,0.1%,17.25,2.61,-12.6%,87.36,25.4%,转股中,5.28年,3.28年,13.2%,11.5%,8.8,1.03%,0.50%,0.93%,-1.51%,-1.73%,88.12,89.81,15.68,105.49,3.8%,42%,22%,16%,0.49,-0.59,1.59,AA,5.0%,26,伊力转债
69,苏银转债,110053,江苏银行,600919,金融,110.3,0.04%,-0.11%,6.99,-0.14%,52.0,0.2%,7.56,0.75,-7.5%,92.46,19.3%,转股中,5.27年,无权,24.8%,22.9%,200.0,1.54%,0.89%,1.41%,无权,无权,无权,97.57,16.83,114.39,-3.6%,19%,14%,18%,0.49,1.13,-0.1,AAA,4.0%,63,苏银转债
70,浙商转债!,113022,浙商证券,601878,金融,105.89,-0.39%,0.45%,8.53,0.24%,3.5,0.1%,12.46,2.01,-31.5%,68.46,54.7%,转股中,5.27年,无权,12.3%,8.4%,35.0,0.74%,0.38%,0.67%,无权,无权,无权,89.82,6.3,96.13,10.2%,46%,35%,18%,0.26,-1.68,2.31,AAA,4.0%,36,浙商转债!
71,视源转债,128059,视源股份,2841,电子,120.836,-0.05%,-0.40%,84.0,-0.59%,2.2,0.2%,75.72,12.19,10.9%,110.94,8.9%,转股中,5.26年,3.26年,1.7%,1.9%,9.4,-1.07%,-1.55%,-1.17%,-4.38%,-4.58%,87.97,88.89,32.95,121.84,-0.8%,52%,16%,16%,0.75,0.66,0.84,AA,5.0%,17,视源转债
72,中鼎转2!,127011,中鼎股份,887,汽车,106.59700000000001,-0.16%,0.56%,8.29,1.59%,4.9,0.4%,11.79,1.18,-29.7%,70.31,51.6%,转股中,5.26年,3.26年,11.9%,8.3%,12.0,1.61%,1.06%,1.50%,-0.72%,-0.94%,89.66,92.29,6.31,98.6,8.1%,35%,31%,17%,0.25,-1.4,1.97,AA+,4.5%,19,中鼎转2!
73,拓邦转债,128058,拓邦股份,2139,电子,112.21,0.35%,-0.16%,5.08,0.40%,1.2,0.2%,5.54,2.2,-8.3%,91.7,22.4%,转股中,5.25年,3.25年,11.1%,10.1%,5.7,1.81%,1.05%,1.65%,-1.97%,-2.24%,88.99,95.8,16.22,112.02,0.2%,54%,18%,16%,0.48,0.11,0.86,AA,5.0%,27,拓邦转债
74,博彦转债,128057,博彦科技,2649,计算机及应用,110.4,0.05%,-0.58%,8.82,-0.79%,3.4,0.5%,8.81,1.77,0.1%,100.11,10.3%,转股中,5.25年,3.25年,12.3%,12.4%,5.7,1.24%,0.64%,1.12%,-1.73%,-1.95%,85.56,87.24,27.02,114.26,-3.4%,75%,12%,16%,0.67,0.84,0.52,AA-,6.0%,56,博彦转债
75,贵广转债,110052,贵广网络,600996,传媒娱乐,112.36,-0.41%,0.34%,7.56,-0.13%,8.5,0.5%,8.04,1.76,-6.0%,94.03,19.5%,转股中,5.25年,3.25年,19.2%,18.1%,15.3,1.13%,0.49%,1.00%,-2.18%,-2.41%,89.96,94.97,16.99,111.96,0.4%,44%,18%,16%,0.52,0.24,0.8,AA+,4.5%,26,贵广转债
76,万信转2!,123021,万达信息,300168,计算机及应用,123.2,3.08%,1.07%,16.54,5.22%,210.0,26.5%,13.6,5.02,21.6%,121.62,1.3%,转股中,5.25年,3.25年,3.5%,4.2%,6.5,-0.79%,-1.38%,-0.91%,-4.95%,-5.15%,88.05,92.07,39.53,131.6,-6.4%,49%,<2%,16%,0.8,1.96,-0.25,AA,5.0%,31,万信转2!
77,中信转债,113021,中信银行,601998,金融,107.73,-0.16%,0.10%,5.95,-0.17%,29.0,0.1%,7.22,0.67,-17.6%,82.41,30.7%,转股中,5.25年,无权,13.7%,11.3%,400.0,1.99%,1.33%,1.85%,无权,无权,无权,97.52,10.34,107.86,-0.1%,23%,18%,17%,0.36,0.3,0.43,AAA,4.0%,51,中信转债
78,富祥转债,123020,富祥股份,300497,医药,117.25,-0.53%,-0.23%,17.25,-0.98%,1.0,0.2%,14.93,3.69,15.5%,115.54,1.5%,转股中,5.23年,3.23年,8.0%,9.3%,3.8,0.63%,-0.06%,0.49%,-3.39%,-3.63%,85.91,89.93,37.56,127.5,-8.0%,57%,<2%,16%,0.78,2.13,-0.42,AA-,6.0%,36,富祥转债
79,长城转债!,113528,长城科技,603897,机械装备制造,97.5,0.22%,-0.12%,17.32,0.29%,0.5,0.1%,24.03,1.74,-27.9%,72.08,35.3%,转股中,5.23年,3.23年,20.5%,14.8%,6.3,3.82%,3.18%,3.69%,2.07%,1.80%,85.90,87.71,9.84,97.54,-0.0%,47%,18%,17%,0.32,-0.15,0.79,AA-,6.0%,42,长城转债!
80,今飞转债!,128056,今飞凯达,2863,汽车,97.0,-0.10%,0.44%,5.35,0.75%,2.0,0.6%,6.78,2.02,-21.1%,78.91,22.9%,转股中,5.23年,3.23年,18.3%,14.4%,3.7,4.53%,3.77%,4.38%,2.33%,2.04%,82.25,84.13,17.1,101.23,-4.2%,65%,12%,17%,0.46,0.33,0.59,A+,7.5%,56,今飞转债!
81,中天转债!,110051,中天科技,600522,通信互联网,104.18,-0.16%,0.03%,8.01,-0.37%,26.0,0.6%,10.19,1.22,-21.4%,78.61,32.5%,转股中,5.23年,3.23年,16.1%,12.7%,39.7,1.82%,1.32%,1.72%,-0.11%,-0.33%,89.53,91.22,9.5,100.72,3.4%,34%,22%,16%,0.36,-0.5,1.22,AA+,4.5%,32,中天转债!
82,长青转2,128055,长青股份,2391,石油天然气化工,114.956,-0.47%,-0.41%,7.74,-1.28%,1.7,0.2%,7.41,1.28,4.5%,104.45,10.1%,转股中,5.23年,3.23年,21.9%,22.9%,9.1,0.09%,-0.44%,-0.01%,-2.94%,-3.16%,88.31,90.0,27.35,117.35,-2.0%,41%,14%,16%,0.69,0.79,0.6,AA,5.0%,29,长青转2
83,中来转债!,123019,中来股份,300393,能源电力,111.16,0.24%,-0.28%,13.78,-0.07%,5.9,0.5%,13.29,1.86,3.7%,103.69,7.2%,转股中,5.22年,3.22年,20.2%,21.0%,10.0,2.31%,1.49%,2.15%,-1.74%,-2.01%,86.26,92.82,28.69,121.5,-8.5%,50%,7%,18%,0.63,1.95,-0.54,AA-,6.0%,55,中来转债!
84,中宠转债!,128054,中宠股份,2891,农业,115.848,-0.34%,-1.80%,23.04,-2.74%,1.2,0.5%,22.28,4.7,3.4%,103.41,12.0%,转股中,5.20年,3.20年,5.0%,5.1%,1.9,-0.04%,-0.58%,-0.15%,-3.21%,-3.42%,81.72,80.05,35.79,115.85,0.0%,58%,17%,16%,0.78,0.01,1.55,A+,7.5%,27,中宠转债!
85,尚荣转债,128053,尚荣医疗,2551,医药,101.50200000000001,-0.39%,0.62%,4.3,0.47%,9.9,1.3%,4.89,1.3,-12.1%,87.93,15.4%,转股中,5.19年,3.19年,24.7%,21.7%,7.5,2.54%,1.99%,2.43%,0.68%,0.45%,88.27,89.97,15.75,105.71,-4.0%,41%,12%,16%,0.5,1.01,0.04,AA,5.0%,67,尚荣转债
86,维格转债!,113527,锦泓集团,603518,服装纺织,91.0,0.11%,-0.23%,6.65,-0.75%,3.8,0.6%,10.52,0.7,-36.8%,63.21,44.0%,转股中,5年49天,3年49天,44.5%,28.1%,7.5,5.79%,5.03%,5.63%,4.19%,3.93%,88.74,94.47,4.21,98.67,-7.8%,42%,<2%,18%,0.16,1.68,-1.18,AA,5.0%,75,维格转债!
87,联泰转债!,113526,联泰环保,603797,城市公用设施,127.72,-0.41%,0.41%,10.66,0.00%,0.5,0.2%,8.72,2.56,22.2%,122.25,4.5%,转股中,5年48天,3年48天,6.4%,7.9%,2.2,-2.73%,-3.11%,-2.80%,-6.20%,-6.39%,88.33,86.92,35.32,122.25,4.5%,54%,96%,18%,1.0,0.1,1.89,AA,5.0%,17,联泰转债!
88,凯龙转债!,128052,凯龙股份,2783,石油天然气化工,165.352,-2.51%,5.26%,11.22,2.75%,223.0,161%,6.77,2.44,65.7%,165.73,-0.2%,转股中,5年15天,3年15天,2.0%,3.3%,0.8,-7.00%,-7.48%,-7.09%,-13.3%,-13.4%,89.11,90.82,74.91,165.73,-0.2%,81%,<2%,17%,1.0,1.05,0.95,AA,5.0%,17,凯龙转债!
89,溢利转债,123018,溢多利,300381,医药,112.447,0.40%,-0.24%,8.57,0.23%,0.1,0.0%,8.35,1.61,2.6%,102.63,9.6%,转股中,5年14天,3年14天,10.3%,10.6%,3.9,0.51%,-0.04%,0.40%,-2.49%,-2.71%,86.30,86.51,29.64,116.15,-3.2%,39%,13%,17%,0.7,0.85,0.57,AA-,6.0%,26,溢利转债
90,佳都转债!,110050,佳都科技,600728,计算机及应用,120.29,-0.50%,0.33%,8.88,-0.22%,4.4,0.6%,7.89,3.13,12.5%,112.55,6.9%,转股中,5年13天,3年13天,4.5%,5.0%,6.6,-1.03%,-1.53%,-1.13%,-4.54%,-4.75%,88.94,89.87,33.33,123.2,-2.4%,43%,13%,16%,0.76,1.01,0.53,AA,5.0%,18,佳都转债!
91,海尔转债!,110049,海尔智家,600690,家电,119.5,0.65%,-0.53%,16.95,0.12%,197.0,8.7%,14.2,2.45,19.4%,119.37,0.1%,转股中,5年12天,3年12天,1.7%,2.1%,19.0,-1.66%,-2.02%,-1.73%,-4.43%,-4.62%,91.39,90.64,28.73,119.37,0.1%,32%,32%,16%,1.0,0.98,1.02,AAA,4.0%,26,海尔转债!
92,台华转债!,113525,台华新材,603055,服装纺织,103.8,0.00%,-0.12%,6.66,-0.30%,2.2,0.4%,8.11,1.98,-17.9%,82.12,26.4%,转股中,5年11天,3年11天,10.4%,8.5%,5.3,2.15%,1.59%,2.04%,0.00%,-0.23%,88.97,90.68,12.6,103.28,0.5%,49%,19%,17%,0.42,-0.0,0.84,AA,5.0%,13,台华转债!
93,奇精转债!,113524,奇精机械,603677,家电,101.7,0.04%,0.03%,12.14,0.17%,0.5,0.2%,14.56,2.39,-16.6%,83.38,22.0%,转股中,5年8天,3年8天,14.0%,11.7%,3.3,3.12%,2.45%,2.99%,0.65%,0.41%,89.00,93.06,13.16,106.22,-4.3%,56%,13%,18%,0.41,0.98,-0.11,AA,5.0%,46,奇精转债!
94,光华转债!,128051,光华科技,2741,电子,103.705,0.39%,0.34%,11.19,1.36%,0.4,0.1%,12.72,3.46,-12.0%,87.97,17.9%,转股中,5年8天,3年8天,6.0%,5.3%,2.5,2.31%,1.72%,2.19%,0.19%,-0.07%,86.86,87.2,19.04,106.23,-2.4%,37%,15%,17%,0.54,0.47,0.61,AA-,6.0%,26,光华转债!
95,钧达转债!,128050,钧达股份,2865,汽车,97.565,0.16%,-0.30%,14.64,-0.68%,0.6,0.2%,21.66,2.16,-32.4%,67.59,44.3%,转股中,5年4.6天,3年4.6天,18.1%,12.2%,3.2,5.04%,4.18%,4.87%,2.20%,1.91%,87.03,93.34,6.57,99.92,-2.4%,62%,15%,18%,0.22,0.34,0.11,AA-,6.0%,63,钧达转债!
96,伟明转债!,113523,伟明环保,603568,城市公用设施,124.71,0.38%,-0.07%,21.4,0.38%,1.0,0.2%,17.47,5.44,22.5%,122.5,1.8%,转股中,5年4.6天,3年4.6天,1.6%,2.0%,3.2,-1.58%,-2.11%,-1.69%,-5.67%,-5.87%,89.05,90.76,40.85,131.62,-5.2%,40%,<2%,16%,0.82,1.77,-0.05,AA,5.0%,23,伟明转债!
97,福能转债,110048,福能股份,600483,能源电力,118.37,0.00%,0.15%,8.9,0.23%,6.5,0.2%,8.48,1.16,5.0%,104.95,12.8%,转股中,5年1.6天,3年1.6天,20.5%,21.5%,28.3,-0.71%,-1.22%,-0.81%,-4.10%,-4.32%,90.43,92.14,25.37,117.51,0.7%,28%,18%,16%,0.67,0.33,1.01,AA+,4.5%,11,福能转债
98,华源转债!,128049,华源控股,2787,造纸包装印刷,99.27,0.17%,-0.09%,6.35,0.16%,3.7,0.9%,7.52,1.4,-15.6%,84.44,17.6%,转股中,4.98年,2.98年,20.3%,17.1%,4.0,3.09%,2.52%,2.98%,1.36%,1.13%,86.34,86.68,17.38,104.06,-4.6%,66%,13%,18%,0.49,0.89,0.12,AA-,6.0%,52,华源转债!
99,旭升转债!,113522,旭升股份,603305,汽车,117.37,0.15%,-0.43%,30.56,-0.46%,0.5,0.1%,29.6,8.48,3.2%,103.24,13.7%,转股中,4.97年,2.97年,3.4%,3.5%,4.2,0.44%,-0.25%,0.30%,-4.00%,-4.19%,88.86,94.5,23.03,117.53,-0.1%,59%,17%,16%,0.62,0.36,0.89,AA,5.0%,24,旭升转债!
100,山鹰转债,110047,山鹰纸业,600567,造纸包装印刷,112.78,-0.19%,0.03%,3.24,-0.31%,5.6,0.2%,3.34,1.07,-3.0%,97.01,16.3%,转股中,4.96年,2.96年,15.5%,15.0%,23.0,0.95%,0.31%,0.82%,-2.75%,-2.95%,90.23,95.3,17.94,113.25,-0.4%,29%,17%,16%,0.54,0.41,0.69,AA+,4.5%,46,山鹰转债
101,寒锐转债!,123017,寒锐钴业,300618,有色金属,128.2,1.38%,1.95%,67.22,3.98%,28.0,4.9%,57.49,11.24,16.9%,116.92,9.6%,转股中,4.96年,2.96年,2.4%,2.8%,4.4,-2.95%,-3.33%,-3.02%,-6.72%,-6.90%,86.22,83.43,41.98,125.42,2.2%,76%,22%,16%,0.84,0.09,1.59,AA-,6.0%,25,寒锐转债!
102,圆通转债,110046,圆通速递,600233,交通运输,121.17,-0.07%,0.20%,12.5,0.16%,12.0,0.3%,10.73,2.97,16.5%,116.5,4.0%,转股中,4.96年,2.96年,10.0%,11.6%,35.4,-1.05%,-1.58%,-1.16%,-4.93%,-5.14%,90.40,92.92,33.7,126.62,-4.3%,38%,9%,16%,0.76,1.53,0.06,AA+,4.5%,27,圆通转债
103,桐昆转债!,113020,桐昆股份,601233,服装纺织,118.5,0.00%,-0.05%,12.79,-0.08%,1.6,0.0%,12.51,1.32,2.2%,102.24,15.9%,转股中,4.96年,2.96年,14.7%,15.0%,34.8,-1.01%,-1.47%,-1.10%,-4.33%,-4.52%,90.13,91.04,23.69,114.73,3.3%,49%,22%,16%,0.65,-0.2,1.51,AA+,4.5%,19,桐昆转债!
104,特发转债!,127008,特发信息,70,通信互联网,183.3,-0.70%,0.13%,10.33,-0.58%,12.0,8.8%,5.61,3.16,84.1%,184.14,-0.5%,转股中,3.95年,1.95年,0.9%,1.7%,0.8,-12.0%,-12.5%,-12.1%,-18.4%,-18.5%,91.90,91.85,92.28,184.13,-0.5%,65%,<2%,17%,1.0,1.1,0.91,AA,5.0%,20,特发转债!
105,科森转债!,113521,科森科技,603626,通信互联网,104.81,-0.08%,-0.52%,8.03,-1.11%,2.6,0.4%,8.7,2.08,-7.7%,92.3,13.6%,转股中,4.95年,2.95年,18.4%,17.0%,6.1,1.97%,1.40%,1.85%,-0.40%,-0.62%,89.06,90.91,19.28,110.2,-4.9%,59%,12%,18%,0.54,1.23,-0.09,AA,5.0%,60,科森转债!
106,张行转债,128048,张家港行,2839,金融,110.301,-0.18%,-0.11%,5.58,-0.53%,0.3,0.0%,5.91,1.02,-5.6%,94.42,16.8%,转股中,4.94年,无权,24.8%,23.4%,25.0,0.66%,0.15%,0.56%,无权,无权,无权,92.02,19.31,111.33,-0.9%,51%,18%,18%,0.54,0.53,0.56,AA+,4.5%,32,张行转债
107,百合转债,113520,梦百合,603313,其他,131.99,2.56%,1.47%,18.85,4.55%,28.0,5.6%,14.28,3.03,32.0%,132.0,-0.0%,转股中,4.93年,2.93年,6.2%,8.2%,3.8,-2.77%,-3.30%,-2.88%,-7.61%,-7.80%,86.60,86.94,52.81,139.75,-5.6%,40%,<2%,16%,0.89,1.86,0.01,AA-,6.0%,14,百合转债
108,洲明转债,123016,洲明科技,300232,电子,116.59100000000001,1.41%,0.50%,8.29,2.60%,2.1,0.4%,7.82,2.86,6.0%,106.01,10.0%,转股中,4.92年,2.92年,6.2%,6.5%,4.7,-0.23%,-0.78%,-0.34%,-3.73%,-3.95%,86.86,87.07,30.95,118.02,-1.2%,45%,15%,16%,0.74,0.51,0.96,AA-,6.0%,17,洲明转债
109,长久转债,113519,长久物流,603569,交通运输,108.6,0.33%,-0.41%,10.18,-0.20%,0.2,0.0%,11.85,2.37,-14.1%,85.91,26.4%,转股中,4.92年,2.92年,12.2%,10.5%,7.0,2.10%,1.38%,1.96%,-1.53%,-1.75%,89.23,94.88,12.84,107.72,0.8%,46%,20%,17%,0.41,-0.06,0.88,AA,5.0%,18,长久转债
110,利尔转债!,128046,利尔化学,2258,石油天然气化工,102.961,0.04%,-0.08%,11.41,-0.26%,0.2,0.0%,18.62,1.94,-38.7%,61.28,68.0%,转股中,4.87年,2.87年,14.2%,8.7%,8.5,1.95%,1.45%,1.85%,0.14%,-0.08%,89.29,89.44,3.11,92.55,11.3%,40%,38%,16%,0.14,-2.0,2.42,AA,5.0%,13,利尔转债!
111,顾家转债,113518,顾家家居,603816,其他,120.5,0.08%,-0.58%,39.63,-0.70%,4.7,0.4%,36.57,4.68,8.4%,108.37,11.2%,转股中,4.77年,2.77年,4.6%,5.0%,11.0,-1.01%,-1.56%,-1.12%,-5.12%,-5.32%,89.71,91.44,28.34,119.78,0.6%,42%,18%,16%,0.71,0.34,1.08,AA,5.0%,14,顾家转债
112,机电转债!,128045,中航机电,2013,航空航天,113.75,0.31%,1.42%,6.71,3.71%,16.0,0.7%,7.63,2.61,-12.1%,87.94,29.3%,转股中,4.73年,2.73年,8.7%,7.6%,21.0,-0.76%,-1.14%,-0.83%,-3.30%,-3.51%,92.30,91.54,13.12,104.66,8.7%,46%,29%,16%,0.47,-1.22,2.23,AAA,4.0%,14,机电转债!
113,岭南转债!,128044,岭南股份,2717,城市公用设施,99.32700000000001,0.33%,-0.13%,4.41,0.68%,22.0,3.4%,5.92,1.46,-25.5%,74.49,33.3%,转股中,4.69年,2.69年,9.7%,7.2%,6.6,2.60%,2.12%,2.51%,1.39%,1.16%,89.96,89.32,7.84,97.16,2.2%,64%,21%,16%,0.3,-0.34,0.93,AA,5.0%,40,岭南转债!
114,蓝盾转债!!,123015,蓝盾股份,300297,计算机及应用,110.72,0.21%,-0.21%,5.36,0.00%,0.3,0.2%,5.79,1.36,-7.4%,92.57,19.6%,转股中,4.69年,2.69年,1.5%,1.4%,1.0,0.42%,-0.08%,0.32%,-2.39%,-2.61%,90.07,90.22,10.06,100.28,10.4%,40%,>100%,16%,0.07,-1.77,2.0,AA,5.0%,21,蓝盾转债!!
115,曙光转债!,113517,中科曙光,603019,计算机及应用,114.31,0.29%,0.27%,34.33,0.97%,7.5,0.6%,36.53,8.08,-6.0%,93.98,21.6%,转股中,4.67年,2.67年,3.6%,3.4%,11.2,-0.27%,-0.77%,-0.37%,-3.51%,-3.72%,90.15,90.31,18.52,108.83,5.0%,54%,25%,16%,0.57,-0.71,1.88,AA,5.0%,12,曙光转债!
116,东音转债!!,128043,东音股份,2793,机械装备制造,166.0,-1.95%,-0.57%,10.85,-2.52%,7.5,2.9%,6.55,4.06,65.6%,165.65,0.2%,转股中,4.66年,2.66年,4.0%,6.6%,1.5,-7.68%,-8.19%,-7.79%,-10.5%,-10.6%,87.87,88.22,77.43,165.65,0.2%,72%,72%,17%,1.0,0.96,1.04,AA-,6.0%,14,东音转债!!
117,苏农转债,113516,苏农银行,603323,金融,107.4,-0.19%,0.28%,5.0,0.20%,4.2,0.3%,5.67,0.8,-11.8%,88.18,21.8%,转股中,4.66年,无权,14.3%,12.6%,12.9,1.53%,0.94%,1.41%,无权,无权,无权,94.17,14.06,108.22,-0.8%,44%,18%,18%,0.45,0.45,0.46,AA+,4.5%,28,苏农转债
118,凯发转债!,123014,凯发电气,300407,能源电力,107.676,0.10%,-0.25%,7.45,-0.27%,0.1,0.1%,8.14,1.8,-8.5%,91.52,17.6%,转股中,3.64年,1.64年,5.1%,4.7%,1.2,0.37%,-0.10%,0.27%,-3.04%,-3.23%,89.41,84.15,21.05,105.2,2.4%,49%,23%,18%,0.57,-0.44,1.59,A+,7.5%,21,凯发转债!
119,凯中转债!,128042,凯中精密,2823,能源电力,99.685,-0.14%,0.11%,8.75,-0.11%,20.0,4.9%,13.01,2.12,-32.7%,67.26,48.2%,转股中,4.65年,2.65年,16.4%,11.0%,4.2,3.55%,2.88%,3.42%,1.32%,1.08%,90.24,93.58,4.44,98.02,1.7%,61%,22%,17%,0.19,-0.31,0.68,AA,5.0%,35,凯中转债!
120,横河转债!,123013,横河模具,300539,机械装备制造,100.321,-0.18%,0.18%,7.12,0.00%,0.2,0.4%,9.22,3.27,-22.8%,77.22,29.9%,转股中,4.64年,2.64年,2.4%,1.9%,0.4,3.26%,2.61%,3.13%,1.37%,1.07%,85.24,83.63,14.52,98.16,2.2%,69%,22%,17%,0.41,-0.71,1.56,A+,7.5%,22,横河转债!
121,高能转债,113515,高能环境,603588,城市公用设施,112.26,-0.04%,0.04%,9.08,0.00%,0.1,0.0%,9.33,2.09,-2.7%,97.32,15.4%,转股中,4.64年,2.64年,11.6%,11.3%,7.1,0.12%,-0.38%,0.02%,-2.91%,-3.14%,90.29,90.44,20.59,111.03,1.1%,52%,19%,16%,0.61,0.12,1.1,AA,5.0%,16,高能转债
122,万顺转债,123012,万顺新材,300057,造纸包装印刷,114.964,0.63%,-1.38%,5.66,-1.05%,0.7,0.5%,5.36,1.14,5.6%,105.6,8.9%,转股中,4.62年,2.62年,3.5%,3.7%,1.3,-0.79%,-1.22%,-0.88%,-3.76%,-3.98%,88.02,85.18,32.3,117.49,-2.1%,39%,16%,18%,0.72,0.79,0.66,AA-,6.0%,19,万顺转债
123,威帝转债,113514,威帝股份,603023,汽车,112.72,4.57%,2.67%,5.04,10.0%,87.0,57.5%,4.85,3.4,3.9%,103.92,8.5%,转股中,3.62年,1.62年,6.0%,6.2%,1.3,-0.40%,-0.96%,-0.52%,-5.53%,-5.72%,89.54,85.81,29.07,114.87,-1.9%,40%,16%,18%,0.72,0.54,0.9,A+,7.5%,41,威帝转债
124,德尔转债!,123011,德尔股份,300473,汽车,113.12,-0.13%,-0.20%,39.23,-0.43%,9.2,1.8%,34.66,2.15,13.2%,113.19,-0.1%,转股中,4.62年,2.62年,10.6%,12.0%,4.5,0.77%,0.11%,0.64%,-3.14%,-3.38%,88.25,89.99,34.72,124.71,-9.3%,35%,<2%,17%,0.76,2.45,-0.72,AA-,6.0%,54,德尔转债!
125,盛路转债!!,128041,盛路通信,2446,通信互联网,145.757,-0.75%,0.06%,10.05,-0.69%,1.1,1.0%,6.85,2.46,46.7%,146.72,-0.7%,转股中,4.62年,2.62年,0.8%,1.2%,0.7,-5.10%,-5.63%,-5.20%,-11.6%,-11.7%,90.49,92.24,54.47,146.72,-0.7%,54%,<2%,16%,1.0,1.14,0.87,AA,5.0%,9,盛路转债!!
126,海澜转债!,110045,海澜之家,600398,服装纺织,99.54,-0.25%,0.18%,7.65,-0.52%,4.1,0.1%,12.02,2.67,-36.4%,63.64,56.4%,转股中,4.60年,2.60年,8.7%,5.6%,29.5,2.55%,2.07%,2.46%,1.08%,0.90%,90.83,91.41,2.81,94.22,5.6%,30%,29%,16%,0.14,-1.03,1.33,AA+,4.5%,37,海澜转债!
127,博世转债!,123010,博世科,300422,城市公用设施,100.93799999999999,0.05%,0.03%,10.0,0.20%,0.5,0.1%,12.38,2.19,-19.2%,80.78,25.0%,转股中,4.58年,2.58年,12.1%,9.8%,4.3,2.52%,1.99%,2.42%,0.89%,0.64%,88.24,86.92,13.37,100.29,0.6%,66%,19%,17%,0.42,-0.12,0.96,AA-,6.0%,42,博世转债!
128,湖广转债!,127007,湖北广电,665,传媒娱乐,107.333,0.16%,-0.16%,4.83,0.00%,5.0,0.4%,5.61,0.71,-13.9%,86.1,24.7%,转股中,4.56年,2.56年,28.3%,24.4%,13.2,1.18%,0.65%,1.07%,-1.30%,-1.55%,92.00,92.93,12.55,105.47,1.8%,39%,21%,17%,0.44,-0.09,0.96,AA+,4.5%,21,湖广转债!
129,广电转债!,110044,广电网络,600831,传媒娱乐,127.83,0.14%,-0.52%,8.39,-0.47%,2.5,2.4%,6.9,1.55,21.6%,121.59,5.1%,转股中,4.56年,2.56年,1.4%,1.7%,0.8,-2.74%,-3.23%,-2.83%,-7.55%,-7.76%,90.64,90.79,39.87,130.66,-2.2%,46%,14%,17%,0.81,1.09,0.55,AA,5.0%,8,广电转债!
130,千禾转债!,113511,千禾味业,603027,食品饮料,119.48,-0.40%,-0.06%,20.79,-0.57%,1.0,0.5%,18.31,6.55,13.5%,113.54,5.2%,转股中,4.54年,2.54年,1.9%,2.2%,1.9,-1.28%,-1.78%,-1.38%,-5.28%,-5.49%,88.35,87.03,36.08,123.11,-3.0%,60%,12%,16%,0.8,1.06,0.56,AA-,6.0%,32,千禾转债!
131,再升转债!,113510,再升科技,603601,城市公用设施,103.95,-0.23%,0.32%,6.71,0.45%,0.0,0.0%,8.59,3.46,-21.9%,78.11,33.1%,转股中,4.54年,0.54年,2.4%,1.9%,1.1,1.87%,1.34%,1.77%,-4.32%,-4.52%,96.71,87.14,12.94,100.08,3.9%,65%,26%,17%,0.21,-0.59,1.01,AA-,6.0%,29,再升转债!
132,华通转债!,128040,华通医药,2758,医药,105.988,0.18%,-0.65%,10.14,-0.88%,2.8,1.2%,11.37,3.38,-10.8%,89.18,18.8%,转股中,4.52年,2.52年,10.4%,9.3%,2.2,1.43%,0.90%,1.33%,-0.92%,-1.17%,88.53,87.21,19.14,106.36,-0.3%,51%,19%,18%,0.53,0.16,0.91,AA-,6.0%,48,华通转债!
133,三力转债!,128039,三 力 士,2224,机械装备制造,106.78200000000001,0.65%,0.04%,5.73,1.06%,7.2,2.6%,5.83,1.88,-1.7%,98.28,8.6%,转股中,4.51年,2.51年,6.3%,6.2%,2.6,0.73%,0.31%,0.65%,-1.33%,-1.55%,88.30,85.24,25.59,110.83,-3.7%,39%,13%,17%,0.66,1.02,0.33,AA-,6.0%,21,三力转债!
134,新泉转债!,113509,新泉股份,603179,汽车,112.5,1.94%,1.79%,18.22,6.24%,2.2,0.4%,18.89,2.73,-3.5%,96.45,16.6%,转股中,4.50年,2.50年,10.9%,10.5%,4.5,-0.34%,-0.79%,-0.43%,-3.18%,-3.41%,90.82,89.37,21.03,110.4,1.9%,52%,21%,17%,0.6,-0.01,1.21,AA,5.0%,16,新泉转债!
135,新凤转债!,113508,新凤鸣,603225,服装纺织,104.56,-0.78%,0.81%,11.59,0.17%,3.3,0.1%,16.83,1.57,-31.1%,68.87,51.8%,转股中,4.39年,2.39年,15.6%,10.7%,21.5,1.78%,1.23%,1.67%,-0.48%,-0.73%,91.29,91.45,4.58,96.02,8.9%,50%,33%,16%,0.2,-1.59,2.08,AA,5.0%,24,新凤转债!
136,金农转债!!,128036,金新农,2548,农业,108.41799999999999,0.09%,-0.09%,8.61,-0.23%,0.4,0.3%,9.62,2.22,-10.5%,89.5,21.1%,转股中,4.26年,2.26年,3.9%,3.5%,1.5,0.54%,0.07%,0.45%,-1.96%,-2.22%,89.91,87.01,13.12,100.13,8.3%,42%,>100%,17%,0.02,-1.49,1.58,AA-,6.0%,19,金农转债!!
137,利欧转债!!,128038,利欧股份,2131,传媒娱乐,130.52,-0.67%,-0.65%,2.24,-1.32%,8.7,3.9%,1.72,1.84,30.2%,130.23,0.2%,转股中,4.29年,2.29年,1.1%,1.5%,1.7,-3.20%,-3.75%,-3.31%,-9.14%,-9.37%,91.72,92.69,37.55,130.23,0.2%,81%,79%,16%,1.0,0.95,1.04,AA,5.0%,31,利欧转债!!
138,岩土转债!,128037,中化岩土,2542,建筑,95.167,0.25%,-0.25%,3.63,-0.55%,3.4,0.6%,8.01,1.7,-54.7%,45.32,110%,转股中,4.28年,2.28年,9.2%,4.1%,6.0,4.14%,3.56%,4.03%,3.45%,3.17%,91.81,91.96,0.56,92.52,2.9%,44%,33%,16%,0.01,-0.55,0.56,AA,5.0%,52,岩土转债!
139,敖东转债!,127006,吉林敖东,623,金融,104.40100000000001,0.01%,-0.14%,15.48,-0.51%,44.0,1.7%,20.62,0.84,-24.9%,75.07,39.1%,转股中,4.27年,2.27年,13.4%,10.0%,24.1,0.90%,0.52%,0.82%,-0.93%,-1.09%,91.75,90.07,6.93,97.0,7.6%,30%,30%,16%,0.26,-1.26,1.84,AA+,4.5%,39,敖东转债!
140,长证转债!,127005,长江证券,783,金融,114.1,-0.17%,0.05%,6.25,-0.32%,12.0,0.2%,7.43,1.29,-15.9%,84.12,35.6%,转股中,4.27年,无权,14.5%,12.2%,50.0,-0.94%,-1.35%,-1.02%,无权,无权,无权,93.11,11.0,104.11,9.6%,32%,32%,18%,0.41,-1.42,2.33,AAA,4.0%,27,长证转债!
141,星源转债!,123009,星源材质,300568,汽车,112.36,0.68%,0.44%,25.18,1.98%,0.5,0.1%,26.64,2.39,-5.5%,94.52,18.9%,转股中,4.25年,2.25年,8.3%,7.8%,4.8,-0.44%,-0.89%,-0.53%,-3.54%,-3.78%,91.68,90.0,18.78,108.78,3.3%,59%,23%,17%,0.57,-0.31,1.45,AA,5.0%,11,星源转债!
142,杭电转债!,113505,杭电股份,603618,能源电力,99.41,0.04%,0.14%,5.22,0.77%,2.0,0.3%,7.24,1.46,-27.9%,72.1,37.9%,转股中,4.25年,2.25年,20.8%,15.0%,7.5,3.08%,2.50%,2.97%,1.62%,1.34%,91.92,92.07,5.44,97.51,1.9%,40%,21%,16%,0.24,-0.32,0.79,AA,5.0%,45,杭电转债!
143,艾华转债!,113504,艾华集团,603989,电子,110.44,1.10%,0.60%,20.41,2.92%,0.9,0.1%,21.43,3.99,-4.8%,95.24,16.0%,转股中,4.24年,2.24年,8.7%,8.3%,6.9,0.08%,-0.39%,-0.02%,-2.77%,-3.02%,91.97,90.5,18.47,108.97,1.3%,38%,19%,16%,0.58,0.08,1.08,AA,5.0%,17,艾华转债!
144,玲珑转债!,113019,玲珑轮胎,601966,汽车,124.45,-0.40%,0.57%,20.5,0.24%,3.7,0.2%,18.55,2.39,10.5%,110.51,12.6%,转股中,3.23年,1.23年,8.1%,9.0%,20.0,-2.98%,-3.67%,-3.12%,-12.4%,-12.5%,95.68,98.19,21.58,119.77,3.9%,30%,24%,16%,0.68,-0.18,1.54,AA+,4.5%,13,玲珑转债!
145,大族转债!,128035,大族激光,2008,机械装备制造,109.6,0.97%,-0.59%,36.55,3.31%,4.5,0.2%,52.3,4.77,-30.1%,69.89,56.8%,转股中,4.17年,2.17年,5.9%,4.1%,23.0,-0.27%,-0.64%,-0.34%,-1.91%,-2.29%,94.61,90.46,6.17,96.63,13.4%,42%,42%,16%,0.11,-2.32,2.75,AA+,4.5%,28,大族转债!
146,无锡转债!,110043,无锡银行,600908,金融,103.56,-0.31%,0.24%,5.23,-0.19%,11.0,0.4%,6.52,0.9,-19.8%,80.21,29.1%,转股中,4年55天,无权,31.0%,24.9%,30.0,1.40%,0.96%,1.31%,无权,无权,无权,91.58,9.56,101.14,2.4%,39%,23%,18%,0.36,-0.26,0.99,AA+,4.5%,55,无锡转债!
147,江银转债!,128034,江阴银行,2807,金融,106.5,0.00%,0.37%,4.39,0.69%,1.6,0.1%,4.68,0.87,-6.2%,93.8,13.5%,转股中,4年51天,无权,18.4%,17.3%,17.6,0.71%,0.27%,0.62%,无权,无权,无权,91.62,17.18,108.81,-2.1%,43%,16%,18%,0.54,0.83,0.28,AA+,4.5%,46,江银转债!
148,道氏转债!!,123007,道氏技术,300409,建筑,102.789,0.55%,-0.29%,10.93,1.11%,0.2,0.1%,15.05,2.15,-27.4%,72.62,41.5%,转股中,4年22天,2年22天,6.0%,4.4%,3.0,2.19%,1.62%,2.07%,0.33%,0.02%,91.07,88.91,7.29,96.2,6.8%,61%,29%,16%,0.24,-1.26,1.79,AA-,6.0%,19,道氏转债!!
149,迪龙转债!,128033,雪迪龙,2658,城市公用设施,98.85,0.02%,0.05%,6.52,0.31%,1.1,0.2%,8.93,1.99,-27.0%,73.01,35.4%,转股中,4年21天,2年21天,13.2%,9.6%,5.2,2.79%,2.30%,2.70%,1.91%,1.63%,92.54,90.86,6.7,97.56,1.3%,38%,21%,17%,0.24,-0.13,0.6,AA,5.0%,44,迪龙转债!
150,吉视转债!,113017,吉视传媒,601929,传媒娱乐,97.06,-0.14%,0.14%,2.03,0.00%,16.0,1.0%,2.95,0.94,-31.2%,68.81,41.0%,转股中,4年21天,2年21天,24.7%,17.0%,15.6,3.27%,2.77%,3.17%,2.75%,2.47%,93.52,92.6,3.99,96.59,0.5%,28%,19%,16%,0.16,0.01,0.31,AA+,4.5%,33,吉视转债!
151,航电转债,110042,中航电子,600372,航空航天,115.75,0.41%,-0.12%,13.68,0.51%,1.4,0.1%,14.18,3.3,-3.5%,96.47,20.0%,转股中,4年19天,2年19天,10.0%,9.6%,24.0,-1.32%,-1.76%,-1.41%,-5.04%,-5.31%,94.77,93.99,16.16,110.15,5.1%,35%,25%,16%,0.55,-0.47,1.59,AAA,4.0%,13,航电转债
152,蒙电转债!,110041,内蒙华电,600863,能源电力,115.18,-0.06%,0.06%,2.67,0.00%,10.0,0.5%,2.82,1.34,-5.3%,94.68,21.7%,转股中,4年16天,2年16天,12.0%,11.4%,18.7,-0.95%,-1.44%,-1.05%,-4.81%,-5.08%,94.90,94.98,14.59,109.57,5.1%,24%,24%,16%,0.53,-0.53,1.59,AAA,4.0%,9,蒙电转债!
153,双环转债!,128032,双环传动,2472,机械装备制造,96.87200000000001,0.12%,-0.07%,5.39,1.70%,14.0,1.5%,9.93,1.08,-45.7%,54.28,78.5%,转股中,4年19天,2年19天,27.0%,14.7%,10.0,3.45%,2.92%,3.34%,2.97%,2.66%,92.79,91.32,2.27,93.59,3.5%,34%,31%,16%,0.03,-0.66,0.71,AA,5.0%,32,双环转债!
154,天康转债!!,128030,天康生物,2100,农业,157.4,-4.66%,3.55%,12.44,-1.11%,50.0,17.1%,8.05,3.33,54.5%,154.53,1.9%,转股中,4年16天,2年16天,1.4%,2.1%,1.8,-8.05%,-8.55%,-8.15%,-13.4%,-13.5%,92.83,93.0,61.53,154.53,1.9%,41%,>100%,16%,1.0,0.62,1.37,AA,5.0%,9,天康转债!!
155,太阳转债!,128029,太阳纸业,2078,造纸包装印刷,119.01,-1.11%,0.06%,8.68,-1.81%,0.8,0.1%,8.65,1.64,0.3%,100.35,18.6%,转股中,3年16天,1年16天,5.3%,5.3%,12.0,-3.08%,-3.57%,-3.18%,-11.8%,-12.0%,96.21,94.87,15.75,110.61,7.6%,36%,30%,16%,0.58,-0.96,2.18,AA+,4.5%,11,太阳转债!
156,赣锋转债!,128028,赣锋锂业,2460,有色金属,108.86200000000001,0.52%,-0.03%,28.74,2.94%,9.9,1.0%,42.28,4.7,-32.0%,67.98,60.1%,转股中,4年15天,2年15天,2.5%,1.7%,9.3,0.22%,-0.24%,0.13%,-2.69%,-2.90%,92.16,90.47,5.04,95.51,14.0%,55%,45%,17%,0.17,-2.39,2.96,AA,5.0%,17,赣锋转债!
157,铁汉转债!,123004,铁汉生态,300197,城市公用设施,99.303,0.30%,-0.40%,3.15,-0.32%,2.3,0.3%,3.98,1.14,-20.9%,79.15,25.5%,转股中,4年12天,2年12天,11.3%,8.9%,8.3,2.69%,2.20%,2.59%,1.71%,1.43%,92.66,90.97,7.89,98.86,0.4%,56%,17%,15%,0.31,0.05,0.57,AA,5.0%,35,铁汉转债!
158,泰晶转债!,113503,泰晶科技,603738,电子,110.73,0.07%,0.03%,15.12,0.27%,6.5,9.2%,17.9,3.49,-15.5%,84.47,31.1%,转股中,4年9天,2年9天,2.5%,2.1%,0.6,0.49%,-0.09%,0.38%,-3.11%,-3.39%,93.02,93.19,10.42,103.61,6.9%,63%,28%,16%,0.4,-1.13,1.99,AA,5.0%,29,泰晶转债!
159,众兴转债!,128026,众兴菌业,2772,农业,93.025,0.08%,-0.09%,6.7,-0.15%,2.4,0.3%,11.54,1.02,-41.9%,58.06,60.2%,转股中,4年7天,2年7天,37.3%,21.7%,9.2,4.58%,4.03%,4.47%,5.01%,4.68%,91.16,88.23,4.01,92.24,0.9%,35%,22%,16%,0.05,-0.17,0.26,AA-,6.0%,57,众兴转债!
160,蓝思转债!,123003,蓝思科技,300433,电子,127.35,-0.32%,-0.06%,13.05,-0.46%,14.0,0.5%,10.44,3.0,25.0%,125.0,1.9%,转股中,4年2.6天,2年2.6天,4.1%,5.1%,22.3,-3.59%,-4.04%,-3.68%,-9.36%,-9.59%,93.74,92.81,39.25,132.06,-3.6%,56%,<2%,16%,0.84,1.53,0.21,AA+,4.5%,32,蓝思转债!
161,特一转债!,128025,特一药业,2728,医药,108.45,0.05%,0.09%,16.11,0.19%,0.4,0.1%,15.45,3.07,4.3%,104.27,4.0%,转股中,4年0.6天,2年0.6天,10.5%,10.9%,3.4,0.43%,-0.05%,0.34%,-2.35%,-2.61%,90.94,87.8,27.56,115.36,-6.0%,34%,7%,17%,0.71,1.66,-0.15,AA-,6.0%,31,特一转债!
162,亚太转债!,128023,亚太股份,2284,汽车,93.24,0.10%,-0.09%,4.63,0.43%,1.6,0.2%,10.34,1.35,-55.2%,44.78,108%,转股中,3.999年,1.999年,29.3%,13.1%,10.0,4.85%,4.25%,4.73%,4.64%,4.37%,92.56,92.72,0.37,93.09,0.2%,38%,25%,17%,0.01,-0.02,0.05,AA,5.0%,57,亚太转债!
163,众信转债!,128022,众信旅游,2707,旅游餐饮酒店,98.92299999999999,-0.17%,-0.02%,5.12,-1.54%,0.8,0.1%,7.91,1.97,-35.3%,64.73,52.8%,转股中,3.99年,1.99年,15.6%,10.1%,7.0,2.69%,2.22%,2.60%,1.69%,1.46%,92.37,90.67,4.21,94.89,4.3%,40%,28%,17%,0.12,-0.76,1.0,AA,5.0%,16,众信转债!
164,兄弟转债!,128021,兄弟科技,2562,医药,107.3,-0.46%,-0.10%,4.49,-1.32%,0.8,0.1%,5.25,1.86,-14.5%,85.52,25.5%,转股中,3.98年,1.98年,12.5%,10.7%,5.1,0.59%,0.13%,0.50%,-2.10%,-2.32%,92.40,90.71,11.63,102.34,4.8%,53%,25%,16%,0.43,-0.72,1.59,AA,5.0%,19,兄弟转债!
165,国祯转债!,123002,国祯环保,300388,城市公用设施,123.7,0.00%,0.32%,10.07,0.40%,3.0,0.5%,8.6,2.05,17.1%,117.09,5.6%,转股中,3.97年,1.97年,7.3%,8.6%,5.0,-3.00%,-3.44%,-3.09%,-8.44%,-8.65%,92.45,90.76,33.94,124.69,-0.8%,50%,16%,16%,0.8,0.82,0.79,AA,5.0%,9,国祯转债!
166,水晶转债!,128020,水晶光电,2273,电子,123.471,-0.25%,0.25%,13.47,0.00%,6.1,0.4%,12.23,3.8,10.1%,110.14,12.1%,转股中,3.95年,1.95年,7.3%,8.1%,11.2,-2.67%,-3.16%,-2.77%,-8.65%,-8.82%,92.05,91.86,27.11,118.97,3.8%,50%,24%,16%,0.73,-0.21,1.68,AA,5.0%,18,水晶转债!
167,济川转债!,110038,济川药业,600566,医药,105.51,-0.13%,0.13%,21.46,-0.92%,23.0,3.5%,38.81,3.07,-44.7%,55.3,90.8%,转股中,2.94年,0.94年,3.6%,2.0%,6.3,0.90%,0.37%,0.79%,-3.83%,-4.01%,95.74,93.96,0.79,94.74,11.4%,36%,50%,15%,0.0,-2.08,2.14,AA,5.0%,25,济川转债!
168,嘉澳转债!,113502,嘉澳环保,603822,城市公用设施,96.81,0.11%,-0.13%,22.45,-0.93%,0.3,0.1%,45.04,2.23,-50.2%,49.84,94.2%,转股中,3.93年,1.93年,11.2%,5.6%,1.9,3.92%,3.31%,3.80%,2.92%,2.65%,91.04,89.68,2.27,91.95,5.3%,49%,39%,17%,0.02,-1.0,1.04,AA-,6.0%,36,嘉澳转债!
169,久立转2!,128019,久立特材,2318,石油天然气化工,118.8,-0.67%,-1.79%,8.41,-3.56%,9.6,0.8%,7.92,2.28,6.2%,106.19,11.9%,转股中,3.93年,1.93年,14.7%,15.6%,10.4,-2.02%,-2.47%,-2.11%,-6.82%,-7.04%,92.65,90.95,25.63,116.58,1.9%,33%,22%,17%,0.69,0.13,1.25,AA,5.0%,20,久立转2!
170,时达转债!,128018,新时达,2527,机械装备制造,96.00399999999999,0.53%,-0.58%,4.91,-0.41%,1.1,0.1%,7.45,1.22,-34.1%,65.91,45.7%,转股中,3.92年,1.92年,28.9%,19.0%,8.8,3.67%,3.15%,3.57%,3.35%,3.08%,92.90,91.42,3.8,95.22,0.8%,34%,20%,16%,0.12,-0.11,0.35,AA,5.0%,44,时达转债!
171,小康转债!,113016,小康股份,601127,汽车,97.16,0.07%,-0.11%,12.76,-0.16%,0.6,0.1%,17.12,2.43,-25.5%,74.53,30.4%,转股中,3.92年,1.92年,7.3%,5.5%,8.8,3.35%,2.84%,3.25%,2.76%,2.48%,92.90,91.42,6.23,97.65,-0.5%,30%,16%,16%,0.24,0.24,0.25,AA,5.0%,39,小康转债!
172,金禾转债!,128017,金禾实业,2597,石油天然气化工,114.905,-0.08%,0.06%,19.13,-0.05%,0.1,0.0%,22.96,2.65,-16.7%,83.32,37.9%,转股中,3.91年,1.91年,5.6%,4.7%,6.0,-1.18%,-1.63%,-1.27%,-5.37%,-5.59%,92.74,91.04,10.85,101.89,12.8%,35%,35%,17%,0.38,-2.09,3.08,AA,5.0%,17,金禾转债!
173,林洋转债!,113014,林洋能源,601222,能源电力,98.67,0.11%,-0.11%,4.43,0.45%,5.9,0.2%,8.59,0.81,-48.4%,51.57,91.3%,转股中,3.89年,1.89年,38.5%,19.9%,30.0,2.96%,2.44%,2.86%,2.02%,1.75%,93.03,91.54,2.06,93.61,5.4%,36%,36%,16%,0.01,-1.01,1.04,AA,5.0%,25,林洋转债!
174,雨虹转债!,128016,东方雨虹,2271,建筑,122.398,-0.35%,-0.27%,23.26,-0.94%,2.5,0.1%,22.43,3.95,3.7%,103.7,18.0%,转股中,3.81年,1.81年,5.3%,5.5%,18.4,-2.86%,-3.31%,-2.95%,-8.63%,-8.85%,94.07,93.14,21.21,114.35,7.0%,51%,29%,16%,0.66,-0.82,2.18,AA+,4.5%,17,雨虹转债!
175,国君转债!,113013,国泰君安,601211,金融,117.66,-0.83%,0.61%,16.88,-0.53%,37.0,0.4%,19.4,1.26,-13.0%,87.01,35.2%,转股中,3.59年,无权,4.7%,4.1%,70.0,-2.07%,-2.54%,-2.17%,无权,无权,无权,95.23,9.78,105.01,12.0%,27%,35%,17%,0.41,-1.81,2.79,AAA,4.0%,22,国君转债!
176,久其转债!,128015,久其软件,2279,计算机及应用,95.876,0.29%,-0.31%,5.66,-0.53%,6.1,0.8%,9.48,4.21,-40.3%,59.7,60.6%,转股中,3.51年,1.51年,19.4%,11.6%,7.8,4.57%,3.90%,4.43%,4.13%,3.82%,90.94,87.18,4.82,92.0,4.2%,45%,31%,17%,0.04,-0.8,0.87,A+,7.5%,73,久其转债!
177,模塑转债!,127004,模塑科技,700,汽车,95.06200000000001,0.05%,0.02%,3.89,3.46%,1.9,0.2%,7.59,1.46,-48.7%,51.25,85.5%,转股中,3.49年,1.49年,25.5%,13.1%,8.2,5.54%,4.74%,5.38%,4.87%,4.52%,94.87,96.73,0.35,97.08,-2.1%,35%,<2%,17%,0.02,0.43,-0.36,AA,5.0%,90,模塑转债!
178,永东转债!,128014,永东股份,2753,石油天然气化工,98.429,0.03%,-0.02%,7.41,0.41%,0.1,0.0%,12.64,1.79,-41.4%,58.62,67.9%,转股中,3.37年,1.37年,12.1%,7.1%,3.4,4.08%,3.37%,3.94%,2.90%,2.53%,94.09,92.7,2.43,95.13,3.5%,52%,32%,17%,0.03,-0.66,0.71,AA-,6.0%,43,永东转债!
179,骆驼转债!,113012,骆驼股份,601311,汽车,100.64,-0.16%,0.15%,8.68,-0.12%,4.3,0.8%,13.29,1.2,-34.7%,65.31,54.1%,转股中,3.30年,1.30年,6.8%,4.4%,5.1,2.44%,1.92%,2.34%,1.30%,0.95%,95.53,92.93,3.55,96.48,4.3%,35%,30%,16%,0.06,-0.77,0.88,AA,5.0%,21,骆驼转债!
180,光大转债,113011,光大银行,601818,金融,119.24,-0.37%,-0.24%,4.15,-0.95%,111.0,0.3%,3.97,0.7,4.5%,104.53,14.1%,转股中,3.28年,无权,13.8%,14.4%,300.0,-2.67%,-3.18%,-2.77%,无权,无权,无权,96.38,18.82,115.2,3.5%,20%,20%,16%,0.64,-0.08,1.36,AAA,4.0%,29,光大转债
181,洪涛转债!,128013,洪涛股份,2325,建筑,97.1,0.29%,-0.29%,3.09,0.00%,8.8,0.8%,8.0,1.2,-61.4%,38.62,151%,转股中,2.65年,0.65年,31.1%,12.0%,12.0,5.38%,4.54%,5.21%,5.99%,5.53%,97.84,98.02,0.42,98.44,-1.4%,33%,<2%,16%,0.0,0.28,-0.26,AA,5.0%,94,洪涛转债!
182,海印转债!,127003,海印股份,861,商业零售,103.41799999999999,-0.04%,-0.37%,2.56,-1.54%,1.8,0.2%,3.01,1.63,-15.0%,85.05,21.6%,转股中,2.51年,0.51年,16.5%,14.0%,9.4,3.77%,2.77%,3.57%,-2.32%,-2.83%,98.51,100.46,5.04,105.5,-2.0%,28%,13%,16%,0.27,0.57,-0.01,AA,5.0%,86,海印转债!
183,辉丰转债!,128012,辉丰股份,2496,石油天然气化工,98.941,0.36%,-0.36%,2.87,1.41%,6.0,0.7%,7.71,1.46,-62.8%,37.22,166%,转股中,2.38年,0.38年,19.5%,7.3%,8.4,2.82%,2.35%,2.73%,10.2%,8.55%,100.29,89.17,12.3,101.47,-2.5%,42%,<2%,17%,0.0,0.51,-0.47,A+,7.5%,88,辉丰转债!
184,顺昌转债!,128010,澳洋顺昌,2245,交通运输,103.98,-0.16%,0.16%,3.71,1.09%,0.9,0.2%,9.26,1.79,-59.9%,40.06,160%,转股中,2年47天,47天,14.0%,5.6%,5.1,3.27%,2.26%,3.06%,-6.73%,-7.88%,100.41,100.43,0.6,101.03,2.9%,40%,51%,17%,0.0,-0.57,0.56,AA,5.0%,36,顺昌转债!
185,广汽转债!,113009,广汽集团,601238,汽车,114.44,0.56%,-0.81%,11.72,-1.35%,1.0,0.0%,14.41,1.51,-18.7%,81.33,40.7%,转股中,2年47天,47天,2.1%,1.7%,25.5,-2.30%,-3.06%,-2.45%,-40.5%,-41.6%,100.58,100.42,2.37,102.79,11.3%,35%,39%,15%,0.18,-1.87,2.36,AAA,4.0%,16,广汽转债!
186,九州转债!,110034,九州通,600998,医药,106.26,-0.08%,0.08%,12.86,-1.76%,1.2,0.1%,18.32,1.54,-29.8%,70.2,51.4%,转股中,2年40天,40天,6.2%,4.4%,15.0,1.85%,0.92%,1.66%,-8.12%,-12.1%,102.54,100.72,1.84,102.57,3.6%,24%,29%,15%,0.0,-0.73,0.59,AA+,4.5%,30,九州转债!
187,国贸转债!,110033,厦门国贸,600755,交通运输,111.63,0.00%,-0.16%,6.96,-0.43%,1.8,0.1%,7.42,0.98,-6.2%,93.8,19.0%,转股中,2年30天,30天,9.4%,8.8%,12.1,-0.23%,-1.21%,-0.43%,-38.9%,-40.1%,100.70,102.54,6.04,108.58,2.8%,32%,23%,15%,0.37,-0.18,0.92,AAA,4.0%,22,国贸转债!
188,航信转债!!,110031,航天信息,600271,计算机及应用,112.61,-0.26%,0.26%,20.89,-0.05%,0.2,0.0%,41.94,3.5,-50.2%,49.81,126%,转股中,1.52年,回售中,6.2%,3.1%,24.0,-2.44%,-3.45%,-2.64%,回售中,回售中,100.23,102.28,0.0,102.28,10.1%,38%,80%,17%,0.0,-1.83,1.92,AAA,4.0%,17,航信转债!!
189,电气转债!,113008,上海电气,601727,能源电力,112.91,-0.38%,0.43%,4.7,0.21%,6.7,0.1%,5.13,1.16,-8.4%,91.62,23.2%,转股中,1年58天,回售中,6.3%,5.7%,44.7,-3.72%,-4.96%,-3.96%,回售中,回售中,103.00,103.91,2.59,106.5,6.0%,32%,33%,16%,0.24,-0.86,1.35,AAA,3.5%,23,电气转债!
190,格力转债!!,110030,格力地产,600185,地产,105.64,0.00%,0.00%,4.7,-0.84%,14.0,3.0%,5.0,1.23,-6.0%,94.0,12.4%,转股中,19天,回售中,4.4%,4.1%,4.2,6.53%,-13.8%,2.46%,回售中,回售中,103.00,105.78,0.0,105.78,-0.1%,33%,<2%,16%,0.0,0.03,-0.02,AA,4.0%,17,格力转债!!
