转债名称,转债代码,股票日期,股票名称,股票代码,所属行业,转债价格,涨跌_1,盘中套,股价,涨跌_2,转债成交额,转债换手率,转股价格,P/B,股价/转股价,转股价格,转股溢价率,距离转股日,剩余年限,回售年限,余额/市值,余额/股本,转债余额,税前收益率,税后收益率,加权收益率,税前回售收益,税后回售收益,回售价值,纯债价值,期权价值,内在价值,价值溢价,历史波动,隐含波动,预测波动,弹性,涨修正弹,跌修正弹,信用,折现率,热门度
晶瑞转债,123031,2019-09-26,晶瑞股份,300655, 石油然气化工,111.92,-0.70,-2.27,20.82,-3.57,39,18.9,18.38,6.12,13.3,113.28,-1.2,150.0,5.90,3.90,5.9,6.6,1.9,0.65,0.16,0.55,-1.88,-2.05,77.52,76.47,48.55,125.01,-10.5,125.01,2,18,0.83,2.44,-0.58,275,7.5,17
哈尔转债,128073,2019-09-11,哈尔斯,002615,其他,106.78,0.06,0.05,5.6,0.18,1.9,0.6,5.80,2.72,-3.4,96.55,10.6,144.0,4.88,2.88,13.1,12.6,3.0,1.68,1.10,1.56,-1.36,-1.51,85.90,87.42,23.58,111.00,-3.8,111.00,13,17,0.62,0.85,0.41,325,6.0,21
九洲转债,123030,2019-09-12,九洲电气,300040,能源电力,107.1,-0.37,-1.71,5.57,-3.30,2.2,0.7,5.70,0.99,-2.3,97.72,9.6,143.0,5.87,3.87,16.1,15.8,3.1,2.07,1.45,1.94,-0.73,-0.92,82.41,86.17,28.53,114.70,-6.6,114.70,8,18,0.63,1.39,-0.06,325,6.0,19
翔鹭转债,128072,2019-09-16,翔鹭钨业,002842,有色金属,113,-0.79,-4.00,15.27,-6.95,7.7,2.2,15.36,4.81,-0.6,99.41,13.7,142.0,5.87,3.87,7.2,7.2,3.0,0.38,-0.09,0.29,-2.09,-2.27,82.26,82.58,31.73,114.31,-1.1,114.31,11,18,0.69,0.32,1.06,325,6.0,19
英科转债,123029,2019-09-10,英科医疗,300677,医药,115.525,0.01,-0.45,15.59,-0.89,2.0,0.4,16.25,2.35,-4.1,95.94,20.4,140.0,5.86,3.86,15.2,14.6,4.7,3.27,2.22,3.06,-1.73,-2.09,85.57,99.62,21.99,121.61,-5.0,121.61,11,17,0.50,0.86,0.18,325,6.0,27
合兴转债,128071,2019-09-16,合兴包装,002228,造纸包装印刷,104.2,-0.86,-0.34,3.8,-2.31,44,7.0,4.38,1.58,-13.2,86.76,20.1,140.0,5.86,3.86,13.4,11.6,6.0,1.74,1.27,1.65,-0.14,-0.32,85.26,86.91,18.87,105.78,-1.5,105.78,17,18,0.52,0.45,0.59,200,5.0,13
欧派转债,113543,2019-09-04,欧派家居,603833,其他,120.25,-2.20,2.09,111.46,-0.15,37,2.0,101.46,5.94,9.9,109.86,9.5,140.0,5.86,4.86,3.2,3.5,15.0,-0.73,-1.19,-0.82,-2.58,-2.78,82.96,87.09,33.98,121.08,-0.7,121.08,20,16,0.75,0.60,0.89,200,5.0,18
好客转债,113542,2019-08-23,好莱客,603898,其他,106.65,-0.09,-0.37,14.6,-0.88,0.9,0.1,16.62,1.96,-12.2,87.85,21.4,123.0,5.82,3.82,13.9,12.2,6.3,1.37,0.89,1.28,-0.68,-0.87,85.62,87.27,18.61,105.88,0.7,105.88,18,17,0.53,0.01,1.04,200,5.0,20
荣晟转债,113541,2019-08-13,荣晟环保,603165,造纸包装印刷,106.67,0.68,0.51,18.31,1.78,10,2.9,18.72,2.55,-2.2,97.81,9.1,114.0,5.80,3.80,10.2,9.9,3.3,1.41,0.92,1.31,-0.64,-0.84,82.78,82.98,30.09,113.07,-5.7,113.07,12,18,0.67,1.28,0.11,325,6.0,36
南威转债,113540,2019-08-05,南威软件,603636,计算机及应用,117.5,-0.14,-3.51,11.53,-4.71,14,1.9,10.13,3.52,13.8,113.82,3.2,104.0,5.77,3.77,10.9,12.4,6.6,0.08,-0.47,-0.03,-3.06,-3.25,82.96,84.90,41.75,126.65,-7.2,126.65,2,18,0.77,1.86,-0.20,325,6.0,26
圣达转债,113539,2019-07-26,圣达生物,603079,医药,116.17,-0.09,-2.68,35.84,-3.21,20,5.7,28.78,4.94,24.5,124.53,-6.7,94.0,5.74,3.74,7.4,9.3,3.0,0.82,0.17,0.69,-2.64,-2.87,79.29,81.11,54.84,135.95,-14.5,135.95,2,17,0.86,3.69,-1.50,275,7.5,41
智能转债,128070,2019-07-23,智能自控,002877,机械装备制造,104.302,-2.22,-4.88,9.29,-9.98,19,8.0,9.55,4.73,-2.7,97.28,7.2,93.0,5.74,0,7.4,7.2,2.3,2.24,1.67,2.12,0,0,0,78.75,34.50,113.25,-7.9,113.25,2,18,0.71,1.44,0.05,275,7.5,29
安图转债,113538,2019-07-22,安图生物,603658,医药,132,1.65,-2.05,88.51,-0.45,24,2.7,64.11,19.44,38.1,138.06,-4.4,89.0,5.73,3.73,1.8,2.5,6.8,-2.40,-2.85,-2.49,-6.08,-6.24,85.82,87.48,57.77,145.25,-9.1,145.25,2,16,0.89,2.83,-0.79,200,5.0,27
华森转债,128069,2019-07-11,华森制药,002907,医药,104.803,0.22,0.12,16.1,0.63,0.8,0.3,18.08,7.10,-11.0,89.05,17.7,84.0,5.72,3.72,4.6,4.1,3.0,2.52,1.88,2.39,-0.20,-0.40,83.17,86.95,20.18,107.14,-2.2,107.14,14,16,0.55,0.32,0.78,325,6.0,31
清水转债,123028,2019-07-15,清水源,300437,城市公用设施,105.942,-0.40,-0.07,11.16,-0.80,3.2,0.6,11.95,1.68,-6.6,93.39,13.4,79.0,5.70,3.70,20.1,18.8,4.9,2.63,1.94,2.49,-0.16,-0.42,84.34,88.57,24.78,113.35,-6.5,113.35,10,18,0.58,1.32,-0.08,325,6.0,37
环境转债,113028,2019-07-08,上海环境,601200,城市公用设施,120,0.12,0.81,11.09,1.28,0.3,0.0,10.44,1.65,6.2,106.23,13.0,78.0,5.70,3.70,21.4,22.8,21.7,-1.38,-1.73,-1.45,-3.78,-3.95,87.43,86.76,30.30,117.06,2.5,117.06,22,16,0.72,0.05,1.39,300,4.5,24
华钰转债,113027,2019-07-10,华钰矿业,601020,有色金属,103.5,-0.19,-1.29,8.98,-2.81,5.8,0.9,10.17,2.24,-11.7,88.30,17.2,74.0,5.69,3.69,13.6,12.0,6.4,1.94,1.44,1.84,0.05,-0.14,86.08,87.73,18.46,106.19,-2.5,106.19,13,17,0.53,0.69,0.38,200,5.0,57
蓝晓转债,123027,2019-07-04,蓝晓科技,300487, 石油然气化工,119.2,-0.16,-1.11,34.91,-1.50,4.6,1.1,29.59,6.71,18.0,117.98,1.0,71.0,5.68,3.68,4.7,5.6,3.4,0.12,-0.49,-0.00,-3.30,-3.53,79.73,80.40,49.90,130.30,-8.5,130.30,2,17,0.85,2.04,-0.22,275,7.5,28
文灿转债,113537,2019-07-05,文灿股份,603348,汽车,104.28,-0.42,-0.83,18.38,-2.18,5.5,0.7,19.93,2.01,-7.8,92.22,13.1,68.0,5.68,3.68,19.8,18.2,8.0,2.87,2.18,2.73,0.16,-0.09,84.11,88.35,22.94,111.28,-6.3,111.28,9,17,0.57,1.28,-0.07,325,6.0,54
中环转债,123026,2019-07-01,中环环保,300692,城市公用设施,109.553,0.03,-0.79,12.47,-1.11,1.2,0.4,12.31,2.57,1.3,101.30,8.1,70.0,4.68,2.68,14.5,14.7,2.9,0.31,-0.13,0.22,-2.07,-2.29,87.61,85.05,29.35,114.40,-4.2,114.40,11,18,0.68,1.14,0.26,325,6.0,37
和而转债,128068,2019-07-01,和而泰,002402,电子,129.58,0.06,-0.64,12.66,-0.63,61,8.6,9.09,6.22,39.3,139.27,-7.0,65.0,5.66,3.66,5.1,7.0,5.5,-2.39,-2.79,-2.47,-5.68,-5.86,83.25,82.01,64.28,146.29,-11.4,146.29,2,16,0.92,3.37,-1.17,325,6.0,39
三星转债,113536,2019-06-24,三星新材,603578,家电,105.8,0.38,0.32,18.81,1.18,2.1,1.0,19.75,2.99,-4.8,95.24,11.1,60.0,5.65,3.65,11.4,10.9,1.9,1.55,1.05,1.45,-0.53,-0.72,86.24,87.90,23.82,111.73,-5.3,111.73,12,18,0.59,1.37,-0.11,200,5.0,44
大业转债,113535,2019-06-03,大业股份,603278,汽车,101.75,0.52,-1.17,10.28,-1.63,6.7,1.3,12.56,1.89,-18.2,81.85,24.3,39.0,4.59,2.59,16.8,13.7,5.0,2.44,1.89,2.33,0.18,0.02,89.46,91.00,11.75,102.75,-1.0,102.75,16,18,0.40,0.31,0.49,200,5.0,34
一心转债,128067,2019-05-17,一心堂,002727,医药,112.52,-0.86,-0.26,22.41,-2.44,1.0,0.1,27.28,3.02,-17.9,82.15,37.0,18.0,5.53,3.53,4.7,3.9,6.0,0.11,-0.32,0.02,-2.20,-2.39,86.72,86.87,14.10,100.97,11.4,100.97,32,16,0.46,-1.96,3.09,200,5.0,26
亚泰转债,128066,2019-05-14,亚泰国际,002811,建筑,107.003,0.00,-0.99,14.43,-1.50,2.2,0.4, 14.80,1.85,-2.5,97.50,9.7,16.0,5.53,3.53,18.5,18.0,4.8,1.83,1.24,1.71,-0.69,-0.91,84.37,86.15,26.45,112.60,-5.0,112.60,9,16,0.66,1.11,0.25,325,6.0,51
永鼎转债,110058,2019-05-08,永鼎股份,600105,通信互联网,98.46,-0.02,-0.46,4,-2.44,1.6,0.2,6.35,1.79,-37.0,62.99,56.3,15.0,5.53,3.53,19.7,12.4,9.8,2.96,2.44,2.85,1.46,1.25,86.85,88.53,5.04,93.57,5.2,93.57,26,17,0.20,-1.01,1.42,200,5.0,54
雅化转债,128065,2019-05-10,雅化集团,002497, 石油然气化工,98.659,-0.16,-0.05,6.15,-0.81,2.1,0.3,8.96,2.19,-31.4,68.64,43.7,15.0,5.53,3.53,13.6,9.3,8.0,2.25,1.86,2.17,1.40,1.19,86.85,85.47,7.84,93.31,5.7,93.31,25,16,0.26,-1.03,1.58,200,5.0,56
创维转债,127013,2019-05-16,创维数字,000810,电子,101.819,0.00,-0.61,8.58,-1.94,1.3,0.1,11.49,2.81,-25.3,74.67,36.4,12.0,5.52,3.52,11.4,8.5,10.4,2.81,2.20,2.69,0.53,0.33,86.87,90.83,8.63,99.46,2.4,99.46,20,16,0.31,-0.44,1.07,200,5.0,46
核能转债,113026,2019-05-08,中国核电,601985,能源电力,106.95,0.07,-0.41,5.29,-0.75,3.8,0.0,6.20,1.75,-14.7,85.32,25.3,12.0,5.52,3.52,9.5,8.1,78.0,0.52,0.18,0.45,-0.89,-1.07,89.66,88.92,13.00,101.93,4.9,101.93,20,15,0.47,-0.56,1.50,300,4.0,49
明泰转债,113025,2019-05-07,明泰铝业,601677,有色金属,107.55,-0.51,0.12,10.67,-0.65,2.4,0.1,11.30,0.98,-5.6,94.42,13.9,9.0,5.51,3.51,28.1,26.5,18.4,1.33,0.82,1.23,-0.96,-1.16,86.95,88.76,21.19,109.95,-2.2,109.95,14,16,0.59,0.67,0.53,200,5.0,67
鼎胜转债,113534,2019-04-30,鼎胜新材,603876,有色金属,104.88,-0.96,-1.16,14.22,-3.66,16,1.2, 15.28,1.66,-6.9,93.06,12.7,8.0,5.51,3.51,20.5,19.1,12.5,1.77,1.26,1.67,-0.28,-0.48,86.94,88.61,20.26,108.87,-3.7,108.87,10,16,0.58,0.98,0.22,200,5.0,59
核建转债,113024,2019-04-26,中国核建,601611,建筑,103.85,0.14,-0.29,6.86,-0.58,1.7,0.1,9.87,1.99,-30.5,69.50,49.4,7.0,5.50,3.50,16.6,11.6,30.0,1.05,0.71,0.98,-0.12,-0.30,89.64,88.90,6.23,95.12,9.2,95.12,30,16,0.25,-1.49,2.06,300,4.0,44
司尔转债,128064,2019-05-07,司尔特,002538, 石油然气化工,101.8,0.57,-0.49,4.96,0.20,2.0,0.2,6.15,1.00,-19.3,80.65,26.2,7.0,5.50,3.50,22.5,18.1,8.0,2.33,1.82,2.23,0.54,0.33,86.95,88.62,12.44,101.06,0.7,101.06,17,16,0.42,-0.06,0.90,200,5.0,61
未来转债,128063,2019-04-24,德尔未来,002631,其他,108.291,0.07,-0.78,7.56,-1.56,0.6,0.1,8.67,2.97,-12.8,87.20,24.2,4.2,5.49,4.49,12.5,10.9,6.3,3.28,2.39,3.11,0.22,-0.16,83.89,94.29,16.37,110.66,-2.1,110.66,13,16,0.46,0.30,0.62,325,6.0,65
参林转债,113533,2019-04-24,大参林,603233,医药,150.29,0.33,-0.27,57.17,0.07,31,2.0,36.50,9.37,56.6,156.63,-4.0,3.2,5.49,3.49,3.4,5.3,10.0,-5.12,-5.51,-5.19,-9.73,-9.89,86.91,87.05,75.51,162.56,-7.5,162.56,2,16,0.94,2.55,-0.49,200,5.0,44
海环转债,113532,2019-04-24,海峡环保,603817,城市公用设施,106.96,0.37,-0.29,6.71,0.15,0.8,0.2,7.75,1.93,-13.4,86.58,23.5,2.2,5.49,3.49,15.2,13.2,4.6,1.08,0.63,0.99,-0.83,-1.02,87.02,87.16,17.34,104.50,2.4,104.50,21,17,0.51,-0.28,1.31,200,5.0,43
亚药转债,128062,2019-04-24,亚太药业,002370,医药,96.195,-0.21,0.07,8.56,-2.28,1.4,0.1,16.25,1.82,-47.3,52.68,82.6,1.2,5.49,3.49,21.0,11.1,9.7,4.20,3.53,4.07,2.07,1.87,86.83,92.33,1.38,93.71,2.7,93.71,25,16,0.06,-0.54,0.65,200,5.0,96
现代转债,110057,2019-04-30,现代制药,600420,医药,107.8,0.00,0.00,8.34,0.00,1.4,0.1,9.99,1.25,-16.5,83.48,29.1,1.2,5.49,3.49,18.3,15.3,16.2,0.54,0.17,0.47,-1.12,-1.30,89.80,89.86,12.22,102.09,5.6,102.09,24,16,0.44,-0.73,1.62,300,4.0,40
百姓转债,113531,2019-04-22,老百姓,603883,医药,129.3,0.89,-0.47,75.73,0.49,1.0,0.2,60.09,6.53,26.0,126.03,2.6,0.2,4.48,2.48,1.5,1.9,3.3,-3.07,-3.55,-3.17,-8.72,-8.83,89.42,90.70,41.49,132.19,-2.2,132.19,12,16,0.85,1.14,0.58,200,5.0,26
精测转债,123025,2019-04-19,精测电子,300567,电子,115.9,-0.42,-3.30,46.75,-6.14,2.2,0.5,50.25,9.28,-7.0,93.03,24.6,1.2,5.48,3.48,3.3,3.0,3.8,0.30,-0.27,0.19,-2.93,-3.14,84.45,86.24,23.83,110.06,5.3,110.06,20,17,0.61,-1.03,2.31,325,6.0,32
启明转债,128061,2019-04-24,启明星辰,002439,通信互联网,126,0.16,-1.39,31.98,-1.66,4.1,0.3,28.29,8.17,13.0,113.04,11.5,1.2,5.47,3.47,3.6,4.1,10.5,-1.17,-1.74,-1.28,-5.24,-5.42,87.09,91.06,33.42,124.48,1.2,124.48,17,16,0.74,0.23,1.25,200,5.0,34
大丰转债,113530,2019-04-18,大丰实业,603081,建筑,103.7,0.67,1.52,14.56,4.97,12,1.9,16.76,3.28,-13.1,86.87,19.4,0.0,5.47,3.47,10.8,9.4,6.3,3.08,2.36,2.93,0.06,-0.15,87.19,93.92,14.12,108.04,-4.0,108.04,14,16,0.44,0.93,-0.00,200,5.0,43
中装转债,128060,2019-04-15,中装建设,002822,建筑,129.2,-1.60,-2.20,8.3,-4.38,59,8.5,6.19,2.20,34.1,134.09,-3.6,1.2,5.47,3.47,10.4,14.0,5.3,-2.42,-2.84,-2.50,-5.90,-6.08,87.10,87.24,54.83,142.08,-9.1,142.08,2,17,0.87,2.78,-0.79,200,5.0,74
招路转债,127012,2019-04-30,招商公路,001965,机场高速港口,107.3,-0.19,-0.30,7.87,-1.01,19,0.4,9.09,1.05,-13.4,86.58,23.9,0.0,5.46,3.46,10.3,8.9,50.0,0.17,-0.11,0.11,-1.38,-1.49,88.59,87.64,13.54,101.18,6.0,101.18,23,15,0.49,-0.74,1.74,300,4.0,69
岱勒转债,123024,2019-04-17,岱勒新材,300700,机械装备制造,105.6,-0.47,-0.51,22.42,-1.67,3.6,1.6,24.90,3.53,-10.0,90.04,17.3,0.0,4.46,2.46,11.4,10.2,2.1,1.63,1.08,1.52,-1.27,-1.42,84.61,82.53,22.87,105.40,0.2,105.40,18,18,0.59,-0.19,1.37,275,7.5,41
迪森转债,123023,2019-04-16,迪森股份,300335,能源电力,99.999,0.02,-0.57,5.64,-1.40,2.0,0.3,7.19,1.53,-21.6,78.44,27.5,0.0,5.45,4.45,29.3,23.0,6.0,2.70,2.18,2.59,1.21,0.97,84.63,88.85,12.62,101.46,-1.4,101.46,17,18,0.40,0.36,0.44,200,5.0,51
亨通转债,110056,2019-04-16,亨通光电,600487,通信互联网,103,-0.17,-0.05,15.56,-0.83,6.4,0.4,21.64,2.30,-28.1,71.90,43.2,0.0,5.45,3.45,5.9,4.2,17.3,2.10,1.59,1.99,0.16,-0.03,88.49,90.96,6.70,97.66,5.5,97.66,25,16,0.27,-0.93,1.49,375,4.5,61
通威转债,110054,2019-04-10,通威股份,600438,农业,122.48,-0.10,-0.82,12.74,-1.39,19,0.3,12.28,3.18,3.7,103.75,18.1,0.0,5.45,3.45,10.1,10.5,50.0,-1.08,-1.58,-1.18,-4.45,-4.65,88.98,91.45,25.67,117.11,4.6,117.11,22,16,0.66,-0.45,1.79,375,4.5,21
长信转债,123022,2019-04-10,长信科技,300088,通信互联网,124,-1.27,1.06,7.44,-0.27,27,1.9,6.25,3.42,19.0,119.04,4.2,0.0,5.45,3.45,6.7,8.0,11.5,-1.35,-1.84,-1.45,-4.85,-5.03,87.19,88.87,39.88,128.75,-3.7,128.75,13,16,0.80,1.36,0.30,200,5.0,24
伊力转债,110055,2019-04-04,伊力特,600197,食品饮料,112.76,0.04,-1.83,16.43,-3.01,3.8,0.4,17.25,2.96,-4.8,95.25,18.4,0.0,5.44,3.44,12.1,11.5,8.8,0.45,-0.06,0.35,-2.24,-2.45,87.42,89.10,21.47,110.57,2.0,110.57,18,16,0.60,-0.15,1.35,200,5.0,34
苏银转债,110053,2019-04-03,江苏银行,600919,金融,108.53,0.03,-0.55,6.71,-1.18,21,0.1,7.56,0.75,-11.2,88.76,22.3,0.0,5.44,0,25.8,22.9,200.0,1.80,1.17,1.68,0,0,0,96.94,15.03,111.97,-3.1,111.97,14,18,0.45,1.01,-0.07,300,4.0,72
浙商转债,113022,2019-03-28,浙商证券,601878,金融,107.29,-0.04,-0.76,8.65,-2.92,1.3,0.0,12.46,2.07,-30.6,69.42,54.5,0.0,5.43,0,12.1,8.4,35.0,0.47,0.12,0.40,0,0,0,89.25,7.01,96.26,11.5,96.26,35,18,0.27,-1.89,2.59,300,4.0,43
绝味转债,113529,2019-04-02,绝味食品,603517,食品饮料,141.99,1.07,-0.23,40.56,0.95,58,5.2,28.51,7.36,42.3,142.27,-0.2,0.0,5.43,3.43,3.4,4.8,7.9,-3.37,-3.92,-3.48,-8.43,-8.60,87.27,91.26,58.43,149.69,-5.1,149.69,2,16,0.89,1.88,-0.00,200,5.0,23
视源转债,128059,2019-04-02,视源股份,002841,电子,124.2,-0.34,0.73,87.88,0.49,8.9,0.8,75.72,15.52,16.1,116.06,7.0,0.0,5.43,3.43,1.6,1.9,9.4,-1.55,-2.01,-1.64,-4.92,-5.10,87.27,88.19,37.88,126.06,-1.5,126.06,16,16,0.79,0.84,0.75,200,5.0,20
中鼎转2,127011,2019-04-04,中鼎股份,000887,汽车,108.89,0.99,-1.33,8.66,-1.14,0.3,0.0,11.79,1.25,-26.5,73.45,48.2,0.0,5.42,3.42,11.4,8.3,12.0,1.15,0.62,1.04,-1.28,-1.49,89.02,91.63,8.08,99.71,9.2,99.71,30,17,0.30,-1.59,2.30,375,4.5,20
拓邦转债,128058,2019-04-08,拓邦股份,002139,电子,115.806,-0.65,-0.60,5.57,-2.11,0.9,0.1,5.54,2.52,0.5,100.54,15.2,0.0,5.42,3.42,10.1,10.1,5.7,1.15,0.42,1.00,-2.75,-3.00,88.29,95.04,22.65,117.68,-1.6,117.68,14,16,0.59,0.57,0.63,200,5.0,31
博彦转债,128057,2019-04-02,博彦科技,002649,计算机及应用,109.249,-1.58,-0.33,9.12,-2.67,5.9,0.9,8.81,1.92,3.5,103.52,5.5,0.0,5.41,3.41,12.0,12.5,5.8,1.40,0.82,1.28,-1.36,-1.57,84.75,86.41,30.40,116.81,-6.5,116.81,2,16,0.71,1.57,-0.06,325,6.0,70
贵广转债,110052,2019-03-29,贵广网络,600996,传媒娱乐,123.3,-1.08,-0.46,9.18,-2.13,11,0.6,8.04,2.11,14.2,114.18,8.0,0.0,5.41,3.41,16.0,18.2,15.3,-0.67,-1.27,-0.79,-4.62,-4.83,89.32,94.29,31.96,126.25,-2.3,126.25,13,16,0.72,1.05,0.43,375,4.5,34
万信转2,123021,2019-03-25,万达信息,300168,计算机及应用,110.62,-0.41,-3.00,13.61,-5.49,7.7,0.6,13.60,4.14,0.1,100.07,10.5,0.0,5.41,3.41,8.0,8.0,12.0,1.27,0.67,1.15,-1.78,-1.98,87.36,91.34,23.45,114.79,-3.6,114.79,7,16,0.62,1.06,0.23,200,5.0,39
中信转债,113021,2019-03-19,中信银行,601998,金融,106.28,0.17,-0.61,5.64,-1.40,11,0.0,7.22,0.66,-21.9,78.12,36.1,0.0,5.41,0,14.5,11.3,400.0,2.19,1.55,2.06,0,0,0,96.89,8.64,105.54,0.7,105.54,18,17,0.31,0.10,0.53,300,4.0,51
富祥转债,123020,2019-03-29,富祥股份,300497,医药,119.5,-0.48,-0.55,16.82,-1.35,0.9,0.2,14.93,4.09,12.7,112.66,6.1,0.0,5.40,3.40,8.4,9.4,3.8,0.25,-0.42,0.12,-3.76,-3.98,85.10,89.08,36.13,125.21,-4.6,125.21,8,16,0.76,1.25,0.31,325,6.0,42
长城转债,113528,2019-03-20,长城科技,603897,机械装备制造,100.82,0.22,-0.13,18.81,0.21,2.0,0.3,24.03,1.94,-21.7,78.28,28.8,0.0,5.40,3.40,18.9,14.8,6.3,3.04,2.43,2.92,1.01,0.76,85.08,86.88,13.86,100.74,0.1,100.74,18,17,0.41,-0.18,1.01,325,6.0,46
今飞转债,128056,2019-03-22,今飞凯达,002863,汽车,101.5,0.00,-1.17,5.52,-2.30,2.1,0.6,6.78,2.15,-18.6,81.42,24.7,0.0,5.40,3.40,17.7,14.4,3.7,3.49,2.77,3.35,0.91,0.64,81.28,83.14,19.50,102.64,-1.1,102.64,15,17,0.51,-0.28,1.30,275,7.5,65
 中转债,110051,2019-03-22, 中科技,600522,通信互联网,106.81,-0.28,-0.08,8.64,-0.80,4.7,0.1,10.19,1.35,-15.2,84.79,26.0,0.0,5.40,3.40,15.0,12.7,39.7,1.29,0.80,1.19,-0.81,-1.01,88.88,90.57,13.32,103.89,2.8,103.89,21,16,0.45,-0.34,1.24,375,4.5,44
长青转2,128055,2019-04-03,长青股份,002391, 石油然气化工,118.15,0.05,-0.77,8.37,-0.95,2.2,0.2,7.41,1.35,13.0,112.96,4.6,0.0,5.39,3.39,20.3,22.9,9.1,-0.43,-0.94,-0.53,-3.56,-3.76,87.61,89.29,34.64,123.93,-4.7,123.93,2,16,0.76,1.50,0.09,200,5.0,35
中来转债,123019,2019-03-22,中来股份,300393,能源电力,109.7,-0.36,-0.31,13.03,-1.14,3.9,0.4,13.29,1.85,-2.0,98.04,11.9,0.0,5.39,3.39,21.4,21.0,10.0,2.50,1.70,2.34,-1.29,-1.54,85.44,91.94,25.59,117.53,-6.7,117.53,10,18,0.60,1.39,-0.12,325,6.0,61
中宠转债,128054,2019-03-14,中宠股份,002891,农业,109.04,-0.87,0.97,21.13,0.14,1.4,0.7,22.28,4.50,-5.2,94.84,15.0,0.0,5.36,3.36,5.4,5.1,1.9,1.12,0.59,1.01,-1.36,-1.58,80.76,79.11,30.00,109.11,-0.1,109.11,18,16,0.71,-0.19,1.61,275,7.5,32
尚荣转债,128053,2019-03-07,尚荣医疗,002551,医药,106.5,-0.06,-0.32,4.66,-0.64,1.8,0.2,4.89,1.42,-4.7,95.30,11.8,0.0,5.36,3.36,22.8,21.7,7.5,1.52,1.00,1.42,-0.73,-0.94,87.57,89.25,21.21,110.46,-3.6,110.46,12,16,0.60,1.00,0.23,200,5.0,80
维格转债,113527,2019-02-19,锦泓集团,603518,服装纺织,95.85,0.09,-0.70,7.36,-2.52,2.9,0.4,10.52,0.77,-30.0,69.96,37.0,0.0,5.30,3.30,40.2,28.1,7.5,4.54,3.83,4.40,2.42,2.18,88.03,93.72,6.97,100.69,-4.8,100.69,9,18,0.24,1.01,-0.46,200,5.0,80
联泰转债,113526,2019-02-18,联泰环保,603797,城市公用设施,139.6,-1.65,0.51,12.19,-1.14,22,5.8,8.72,3.23,39.8,139.79,-0.1,0.0,5.30,3.30,7.4,10.3,2.7,-4.29,-4.65,-4.36,-8.32,-8.49,87.63,86.23,53.56,139.79,-0.1,139.79,55,18,1.00,1.03,0.97,200,5.0,24
冰轮转债,127009,2019-02-21,冰轮环境,000811,机械装备制造,127.5,-0.39,-0.46,6.97,-0.85,0.6,0.4,5.47,1.51,27.4,127.42,0.1,0.0,5.27,3.27,2.3,3.0,1.2,-1.93,-2.42,-2.02,-5.86,-6.05,87.93,89.62,37.80,127.42,0.1,127.42,2,17,1.00,0.99,1.01,200,5.0,22
凯龙转债,128052,2019-01-21,凯龙股份,002783, 石油然气化工,181.6,-1.78,-0.30,11.8,-2.07,35,22.8,6.77,2.66,74.3,174.30,4.2,0.0,5.21,3.21,1.9,3.3,0.8,-8.47,-8.93,-8.56,-14.9,-15.0,88.41,90.10,84.19,174.30,4.2,174.30,100,17,1.00,0.16,1.84,200,5.0,23
溢利转债,123018,2019-01-23,溢多利,300381,医药,116.751,1.52,-0.25,9.45,1.61,0.8,0.1,8.35,1.87,13.2,113.17,3.2,0.0,5.20,3.20,11.8,13.3,4.8,-0.24,-0.77,-0.35,-3.46,-3.67,85.48,85.69,38.71,124.40,-6.1,124.40,2,17,0.79,1.69,-0.03,325,6.0,37
佳都转债,110050,2019-01-21,佳都科技,600728,计算机及应用,128.24,-1.35,0.18,10.18,-1.36,26,3.0,7.89,3.95,29.0,129.02,-0.6,0.0,5.20,3.20,4.0,5.2,6.7,-2.23,-2.70,-2.32,-6.15,-6.34,88.24,89.16,48.04,137.20,-6.5,137.20,2,16,0.86,2.13,-0.28,200,5.0,19
海尔转债,110049,2019-01-18,海尔智家,600690,家电,118.15,-0.18,-0.15,15.3,-0.46,15,0.4,14.20,2.36,7.7,107.75,9.7,0.0,5.20,3.20,3.1,3.3,30.1,-1.39,-1.74,-1.46,-3.89,-4.08,90.81,90.06,28.31,118.37,-0.2,118.37,17,16,0.71,0.68,0.75,300,4.0,26
台华转债,113525,2019-01-11,台华新材,603055,服装纺织,108,-0.04,-0.52,7.23,-1.09,5.3,0.9,8.11,2.19,-10.9,89.15,21.1,0.0,5.20,3.20,9.6,8.5,5.3,1.29,0.76,1.19,-1.19,-1.40,88.26,89.96,17.27,107.23,0.7,107.23,18,17,0.51,0.05,0.98,200,5.0,11
奇精转债,113524,2019-01-07,奇精机械,603677,家电,101.9,-0.22,-0.21,11.4,-1.21,0.5,0.1,14.56,2.29,-21.7,78.30,30.1,0.0,5.19,3.19,14.9,11.7,3.3,2.98,2.33,2.85,0.56,0.34,88.29,92.32,10.92,103.24,-1.3,103.24,17,18,0.35,0.32,0.39,200,5.0,53
光华转债,128051,2019-01-09,光华科技,002741,电子,110.691,0.17,0.53,12.8,1.03,7.5,2.7, 12.72,4.01,0.6,100.63,10.0,0.0,5.19,3.19,5.2,5.3,2.5,0.93,0.37,0.82,-1.77,-2.01,86.03,86.37,28.78,115.15,-3.9,115.15,13,17,0.68,0.97,0.42,325,6.0,26
钧达转债,128050,2018-12-27,钧达股份,002865,汽车,101.091,-0.30,-0.25,15.77,-1.93,0.2,0.1,21.66,2.38,-27.2,72.81,38.8,0.0,5.18,3.18,16.8,12.2,3.2,4.14,3.31,3.97,0.99,0.73,86.21,92.46,9.37,101.83,-0.7,101.83,18,18,0.29,-0.02,0.59,325,6.0,73
伟明转债,113523,2018-12-26,伟明环保,603568,城市公用设施,119.78,1.28,0.17,20.78,1.81,2.5,0.5,17.47,5.79,18.9,118.95,0.7,0.0,5.18,3.18,2.2,2.7,4.4,-0.75,-1.27,-0.85,-4.24,-4.44,88.34,90.04,38.64,128.68,-6.9,128.68,2,16,0.80,2.10,-0.37,200,5.0,24
福能转债,110048,2018-12-28,福能股份,600483,能源电力,116.61,-0.21,-0.31,8.57,-0.81,12,0.4,8.48,1.16,1.1,101.06,15.4,0.0,5.17,3.17,21.3,21.5,28.3,-0.39,-0.89,-0.49,-3.46,-3.67,89.78,91.48,23.12,114.60,1.8,114.60,19,16,0.64,0.09,1.18,375,4.5,12
华源转债,128049,2018-12-20,华源控股,002787,造纸包装印刷,102.937,-0.24,-0.57,6.59,-1.49,3.4,0.8,7.52,1.47,-12.4,87.63,17.5,0.0,5,3,19.5,17.1,4.0,2.35,1.79,2.24,0.32,0.09,86.02,86.36,20.04,106.40,-3.3,106.40,14,18,0.54,0.65,0.44,325,6.0,62
旭升转债,113522,2018-12-11,旭升股份,603305,汽车,115.3,2.18,1.36,28.92,6.25,19,3.9,29.60,8.33,-2.3,97.70,18.0,0.0,5,3,3.6,3.5,4.2,0.85,0.16,0.71,-3.17,-3.38,88.55,94.15,19.98,114.13,1.0,114.13,20,16,0.57,0.02,1.12,200,5.0,29
山鹰转债,110047,2018-12-10,山鹰纸业,600567,造纸包装印刷,108.53,0.06,-0.21,3.08,-0.32,0.8,0.0,3.34,1.04,-7.8,92.22,17.7,0.0,5,3,16.3,15.0,23.0,1.77,1.12,1.64,-1.35,-1.57,89.98,95.02,15.37,110.39,-1.7,110.39,14,16,0.49,0.65,0.35,375,4.5,54
寒锐转债,123017,2018-12-24,寒锐钴业,300618,有色金属,119.1,-1.98,-3.79,62.7,-7.30,28,5.3,57.49,11.07,9.1,109.06,9.2,0.0,5,3,2.6,2.8,4.4,-1.37,-1.76,-1.45,-4.19,-4.39,85.70,82.94,36.24,119.18,-0.1,119.18,2,16,0.79,0.41,1.17,325,6.0,38
圆通转债,110046,2018-12-18,圆通速递,600233,交通运输,118.51,0.04,0.62,11.51,0.96,7.6,0.2,10.73,2.87,7.3,107.27,10.5,0.0,5,3,10.9,11.6,35.4,-0.49,-1.03,-0.60,-3.91,-4.14,90.25,92.76,27.05,119.81,-1.1,119.81,16,16,0.68,0.73,0.65,375,4.5,31
桐昆转债,113020,2018-12-12,桐昆股份,601233,服装纺织,118.5,0.42,0.30,12.7,1.11,5.0,0.1,12.51,1.40,1.5,101.52,16.7,0.0,5,3,15.0,15.2,34.8,-0.92,-1.38,-1.02,-4.04,-4.24,89.78,90.69,23.76,114.44,3.5,114.44,22,16,0.65,-0.25,1.56,375,4.5,24
特发转债,127008,2018-12-25,特发信息,000070,通信互联网,223.3,0.31,-1.30,12.07,-0.98,75,43.1,5.61,3.80,115,215.15,3.8,0.0,4,2,0.8,1.7,0.8,-15.7,-16.1,-15.8,-20.5,-20.6,91.57,91.52,123.63,215.15,3.8,215.15,100,17,1.00,0.23,1.76,200,5.0,27
科森转债,113521,2018-12-07,科森科技,603626,通信互联网,108.58,-0.04,-1.92,8.47,-3.31,4.5,0.7,8.70,2.14,-2.6,97.36,11.5,0.0,5,3,17.4,17.0,6.1,1.28,0.72,1.17,-1.31,-1.55,88.85,90.69,23.17,113.86,-4.6,113.86,10,18,0.59,1.28,-0.03,200,5.0,71
张行转债,128048,2018-11-29,张家港行,002839,金融,107,0.01,-1.04,5.35,-2.01,3.7,0.1,5.91,1.01,-9.5,90.52,18.2,0.0,5,0,25.9,23.4,25.0,1.33,0.81,1.23,0,0,0,91.76,17.43,109.18,-2.0,109.18,15,18,0.51,0.70,0.34,375,4.5,41
百合转债,113520,2018-11-26,梦百合,603313,其他,120.67,-1.52,-1.82,16.46,-4.14,3.5,0.7,14.28,2.83,15.3,115.27,4.7,0.0,5,3,7.5,8.6,3.9,-0.84,-1.38,-0.95,-4.51,-4.73,86.28,86.62,39.21,125.83,-4.1,125.83,2,16,0.81,1.28,0.38,325,6.0,15
洲明转债,123016,2018-12-03,洲明科技,300232,电子,123.021,-0.36,0.71,9.06,0.44,0.1,0.0,7.82,3.30,15.9,115.86,6.2,0.0,5,3,5.6,6.5,4.7,-1.21,-1.75,-1.32,-5.01,-5.24,86.54,86.75,39.68,126.43,-2.7,126.43,14,16,0.81,0.98,0.66,325,6.0,18
长久转债,113519,2018-11-30,长久物流,603569,交通运输,108.26,0.40,-0.60,10.19,-0.49,0.5,0.1,11.85,2.39,-14.0,85.99,25.9,0.0,5,3,12.2,10.5,7.0,2.19,1.48,2.05,-1.21,-1.45,89.02,94.63,13.44,108.07,0.2,108.07,18,17,0.42,0.06,0.78,200,5.0,21
光电转债,128047,2018-12-07,中航光电,002179,机械装备制造,133.1,1.74,-0.36,41.18,1.38,57,6.2,30.87,6.71,33.4,133.40,-0.2,0.0,5,3,1.6,2.2,7.0,-3.75,-4.09,-3.81,-7.51,-7.69,89.83,88.34,45.06,133.40,-0.2,133.40,2,16,1.00,1.05,0.96,375,4.5,14
利尔转债,128046,2018-11-09,利尔化学,002258, 石油然气化工,102.997,-0.29,0.00,11.57,-1.87,1.3,0.2,18.62,2.02,-37.9,62.14,65.8,0.0,5,3,14.0,8.7,8.5,1.96,1.46,1.86,0.25,0.01,88.98,89.13,3.62,92.76,11.0,92.76,36,16,0.16,-1.99,2.45,200,5.0,15
顾家转债,113518,2018-10-09,顾家家居,603816,其他,115.26,-0.89,-0.24,34.03,-2.04,2.2,0.2,36.57,4.34,-6.9,93.05,23.9,0.0,4.93,2.93,5.4,5.0,11.0,-0.06,-0.60,-0.17,-3.47,-3.67,89.00,90.72,18.12,108.83,5.9,108.83,25,16,0.55,-0.90,2.05,200,5.0,17
机电转债,128045,2018-09-14,中航机电,002013, 航空航,114.52,-0.41,0.34,6.51,-0.15,0.1,0.0,7.63,2.59,-14.7,85.32,34.2,0.0,4.89,2.89,8.9,7.6,21.0,-0.87,-1.24,-0.95,-3.34,-3.54,91.72,90.96,12.05,103.01,11.2,103.01,34,16,0.44,-1.66,2.67,300,4.0,19
岭南转债,128044,2018-09-04,岭南股份,002717,城市公用设施,103.143,-0.25,0.25,4.76,0.00,0.3,0.0, 5.92,1.62,-19.6,80.41,28.3,0.0,4.86,2.86,9.0,7.2,6.6,1.70,1.25,1.61,0.05,-0.16,89.25,88.61,11.19,99.79,3.4,99.79,23,16,0.40,-0.50,1.30,200,5.0,45
蓝盾转债,123015,2018-09-13,蓝盾股份,300297,计算机及应用,111.12,0.14,-0.81,5.7,-1.89,1.5,1.3, 5.79,1.45,-1.6,98.45,12.9,0.0,4.85,2.85,1.4,1.4,1.0,0.33,-0.15,0.24,-2.38,-2.59,89.36,89.51,11.81,101.31,9.7,101.31,84,16,0.35,-1.27,2.04,200,5.0,25
曙光转债,113517,2018-08-23,中科曙光,603019,计算机及应用,113.74,-0.31,-0.75,34.33,-1.83,6.6,0.5,36.53,8.19,-6.0,93.98,21.0,0.0,4.83,2.83,3.6,3.4,11.2,-0.16,-0.64,-0.25,-3.15,-3.36,89.44,89.59,19.15,108.74,4.6,108.74,23,16,0.58,-0.63,1.81,200,5.0,16
东音转债,128043,2018-08-27,东音股份,002793,机械装备制造,174.1,-1.08,-2.43,10.99,-3.51,70,25.0, 6.55,2.50,67.8,167.79,3.8,0.0,4.82,2.82,4.0,6.7,1.6,-8.35,-8.84,-8.45,-10.4,-10.5,87.04,87.38,80.40,167.79,3.8,167.79,98,17,1.00,0.24,1.75,325,6.0,20
苏农转债,113516,2018-08-20,苏农银行,603323,金融,107,-0.20,-1.19,5.15,-2.83,4.3,0.3,5.67,0.85,-9.2,90.83,17.8,0.0,4.82,0,13.9,12.6,12.9,1.56,0.98,1.44,0,0,0,93.49,16.29,109.78,-2.5,109.78,14,18,0.49,0.82,0.20,375,4.5,32
凯发转债,123014,2018-08-21,凯发电气,300407,能源电力,108.798,-0.52,-1.63,7.78,-3.35,1.9,1.5,8.14,2.08,-4.4,95.58,13.8,0.0,3.81,1.81,4.9,4.7,1.2,0.07,-0.37,-0.02,-3.30,-3.48,88.36,83.16,24.76,107.92,0.8,107.92,18,18,0.64,-0.08,1.36,275,7.5,24
凯中转债,128042,2018-09-03,凯中精密,002823,能源电力,102.815,-1.04,1.04,9.7,0.00,0.5,0.1,13.01,2.41,-25.4,74.56,37.9,0.0,4.81,2.81,14.8,11.0,4.2,2.75,2.11,2.62,0.19,-0.03,89.52,92.84,7.63,100.47,2.3,100.47,24,17,0.29,-0.41,0.98,200,5.0,42
横河转债,123013,2018-08-20,横河模具,300539,机械装备制造,103.129,-0.62,-0.33,7.41,-1.98,0.1,0.2,9.22,3.42,-19.6,80.37,28.3,0.0,4.80,2.80,2.3,1.9,0.4,2.54,1.92,2.41,0.34,0.07,84.24,82.65,17.30,99.95,3.2,99.95,22,17,0.48,-0.90,1.90,275,7.5,26
高能转债,113515,2018-08-27,高能环境,603588,城市公用设施,115.38,-0.29,-0.61,9.51,-1.35,0.6,0.1,9.33,2.27,1.9,101.93,13.2,0.0,4.80,2.80,11.1,11.3,7.1,-0.46,-0.94,-0.56,-3.65,-3.86,89.57,89.72,24.64,114.36,0.9,114.36,18,16,0.67,0.20,1.14,200,5.0,22
万顺转债,123012,2018-08-29,万顺新材,300057,造纸包装印刷,111.701,-0.68,0.68,5.79,0.00,8.6,4.5,5.36,1.18,8.0,108.02,3.4,0.0,4.79,2.79,4.4,4.8,1.7,-0.15,-0.57,-0.24,-2.60,-2.82,87.19,84.38,35.08,119.45,-6.5,119.45,8,18,0.75,1.77,-0.18,325,6.0,28
威帝转债,113514,2018-08-13,威帝股份,603023,汽车,106.27,-0.50,-2.78,4.57,-5.38,7.0,4.9,4.85,3.47,-5.8,94.23,12.8,0.0,3.79,1.79,6.8,6.4,1.3,1.20,0.65,1.09,-2.16,-2.34,88.49,84.80,22.87,107.67,-1.3,107.67,12,18,0.61,0.27,0.95,275,7.5,50
德尔转债,123011,2018-08-14,德尔股份,300473,汽车,106.39,1.02,0.55,34.88,2.41,6.0,1.0,34.66,1.91,0.6,100.63,5.7,0.0,4.78,2.78,15.2,15.3,5.6,2.07,1.42,1.94,-0.91,-1.14,87.41,89.14,25.94,115.07,-7.5,115.07,8,17,0.65,1.81,-0.38,325,6.0,60
盛路转债,128041,2018-08-14,盛路通信,002446,通信互联网,137.5,-1.78,1.35,9.35,-0.43,1.1,1.0,6.85,2.31,36.5,136.50,0.7,0.0,4.78,2.78,1.0,1.3,0.8,-3.74,-4.26,-3.84,-9.27,-9.47,89.77,91.51,44.99,136.50,0.7,136.50,87,16,1.00,0.85,1.15,200,5.0,11
海澜转债,110045,2018-07-31,海澜之家,600398,服装纺织,100.84,0.10,-0.10,8.12,-0.49,0.6,0.0,12.02,2.94,-32.4,67.55,49.3,0.0,4.77,0,8.4,5.6,30.0,2.18,1.72,2.09,0,0,100.17,90.75,9.33,100.08,0.8,100.08,26,16,0.00,-0.32,0.14,375,4.5,40
博世转债,123010,2018-08-14,博世科,300422,城市公用设施,104.73,-0.25,0.00,9.97,-0.60,0.4,0.1, 12.38,2.34,-19.5,80.53,30.0,0.0,4.75,2.75,12.1,9.8,4.3,1.63,1.12,1.52,-0.44,-0.67,87.40,86.10,13.88,99.98,4.7,99.98,25,17,0.43,-0.91,1.80,325,6.0,47
湖广转债,127007,2018-08-01,湖北广电,000665,传媒娱乐,111.93,-0.56,-0.18,5.48,-1.26,3.6,0.2, 5.61,0.57,-2.3,97.68,14.6,0.0,4.73,2.73,25.0,24.4,13.2,0.22,-0.28,0.12,-2.66,-2.90,91.34,92.26,20.27,112.53,-0.5,112.53,17,17,0.59,0.53,0.65,375,4.5,26
广电转债,110044,2018-07-24,广电网络,600831,传媒娱乐,141.74,-0.96,2.95,9.5,2.26,31,26.7,6.90,1.76,37.7,137.68,2.9,0.0,4.72,2.72,1.2,1.7,0.8,-4.78,-5.24,-4.87,-10.3,-10.5,89.92,90.07,54.81,144.88,-2.2,144.88,21,17,0.88,1.21,0.58,200,5.0,11
千禾转债,113511,2018-07-10,千禾味业,603027,食品饮料,124.93,-0.02,-0.63,21.58,-0.78,0.7,0.3,18.31,7.57,17.9,117.86,6.0,0.0,4.70,2.70,1.9,2.2,1.9,-2.19,-2.66,-2.28,-6.46,-6.66,87.51,86.21,40.44,126.64,-1.4,126.64,14,16,0.83,0.80,0.87,325,6.0,37
再升转债,113510,2018-07-13,再升科技,603601,城市公用设施,108.44,-0.60,0.81,7.32,0.55,0.0,0.0,8.59,3.89,-14.8,85.22,27.3,0.0,4.70,0.70,2.2,1.9,1.1,0.88,0.37,0.78,-8.11,-8.27,95.80,86.32,16.84,103.15,5.1,103.15,27,17,0.38,-0.80,1.59,325,6.0,38
华通转债,128040,2018-07-13,华通医药,002758,医药,108.202,0.19,-1.57,10,-2.63,2.6,1.1,11.37,3.37,-12.0,87.95,23.0,0.0,4.69,2.69,10.6,9.3,2.2,0.93,0.42,0.83,-1.59,-1.82,87.69,86.39,19.01,105.39,2.7,105.39,21,18,0.53,-0.46,1.52,325,6.0,63
三力转债,128039,2018-06-29,三力士,002224,机械装备制造,112,-0.17,0.17,6.26,0.00,11,3.6, 5.83,2.09,7.4,107.38,4.3,0.0,4.67,2.67,6.2,6.7,2.8,-0.33,-0.74,-0.41,-2.92,-3.11,87.47,84.44,33.31,117.75,-4.9,117.75,10,17,0.75,1.43,0.14,325,6.0,21
新泉转债,113509,2018-06-22,新泉股份,603179,汽车,104.33,0.32,0.67,14.86,2.70,0.3,0.1, 18.89,2.29,-21.3,78.67,32.6,0.0,4.66,2.66,13.3,10.5,4.5,1.32,0.89,1.24,-0.35,-0.58,90.10,88.66,10.83,99.49,4.9,99.49,27,17,0.37,-0.78,1.53,200,5.0,24
新凤转债,113508,2018-05-16,新凤鸣,603225,服装纺织,104.38,-0.10,0.13,11.42,0.18,0.7,0.0,16.83,1.64,-32.1,67.86,53.8,0.0,4.55,2.55,15.8,10.7,21.5,1.75,1.23,1.65,-0.38,-0.62,90.57,90.72,4.56,95.28,9.5,95.28,34,16,0.20,-1.71,2.22,200,5.0,31
 马转债,113507,2018-05-07, 马科技,603668,农业,122.04,0.45,-0.17,8.48,0.36,1.2,2.3, 7.32,2.47,15.8,115.85,5.3,0.0,4.52,2.52,1.5,1.7,0.4,-1.74,-2.24,-1.84,-6.03,-6.25,88.54,87.22,38.51,125.73,-2.9,125.73,13,17,0.80,1.07,0.55,325,6.0,14
金农转债,128036,2018-04-02,金新农,002548,农业,115,-0.43,1.13,10.41,0.77,15,9.0,9.62,2.72,8.2,108.21,6.3,0.0,4.42,2.42,3.3,3.5,1.5,-0.83,-1.28,-0.92,-4.06,-4.30,89.06,86.19,22.16,108.34,6.1,108.34,85,17,0.91,-0.24,2.06,325,6.0,24
利欧转债,128038,2018-04-19,利欧股份,002131,传媒娱乐,107.301,-0.30,-0.03,1.67,-1.18,1.2,0.6, 1.72,1.39,-2.9,97.09,10.5,0.0,4.46,2.46,1.6,1.6,1.8,1.35,0.78,1.24,-1.45,-1.69,90.99,91.95,8.87,100.82,6.4,100.82,80,16,0.27,-0.80,1.35,200,5.0,38
岩土转债,128037,2018-04-25,中化岩土,002542,建筑,96.24,0.25,-0.27,3.86,-0.77,0.5,0.1,8.01,1.84,-51.8,48.19,99.7,0.0,4.44,2.44,8.6,4.1,6.0,3.72,3.16,3.60,2.78,2.52,91.08,91.23,0.69,91.92,4.7,91.92,34,16,0.02,-0.89,0.93,200,5.0,60
敖东转债,127006,2018-05-11,吉林敖东,000623,金融,105.48,0.36,-0.59,15.4,-0.84,2.5,0.1,20.62,0.84,-25.3,74.68,41.2,0.0,4.43,2.43,13.4,10.0,24.1,0.63,0.27,0.55,-1.27,-1.42,91.10,89.42,7.17,96.59,9.2,96.59,31,16,0.27,-1.54,2.17,375,4.5,49
长证转债,127005,2018-04-11,长江证券,000783,金融,116.4,-0.70,0.09,7,-1.13,17,0.3,7.43,1.46,-5.8,94.21,23.6,0.0,4.43,0,12.9,12.2,50.0,-1.35,-1.75,-1.43,0,0,0,92.52,17.37,109.89,5.9,109.89,28,18,0.54,-0.65,1.75,300,4.0,37
星源转债,123009,2018-04-10,星源材质,300568,汽车,114.471,-0.82,-0.24,27.6,-1.57,0.7,0.1,26.64,3.39,3.6,103.60,10.5,0.0,4.42,2.42,7.5,7.8,4.8,-0.85,-1.28,-0.94,-4.02,-4.24,90.96,89.29,25.91,115.19,-0.6,115.19,17,17,0.68,0.58,0.78,200,5.0,14
杭电转债,113505,2018-03-27,杭电股份,603618,能源电力,101.94,0.03,-0.39,5.7,-1.04,0.8,0.1,7.24,1.62,-21.3,78.73,29.5,0.0,4.41,2.41,19.0,15.0,7.5,2.37,1.82,2.26,0.52,0.27,91.19,91.34,8.76,100.10,1.8,100.10,19,16,0.34,-0.26,0.95,200,5.0,55
艾华转债,113504,2018-03-23,艾华集团,603989,电子,108.91,-0.62,-0.57,19.4,-2.27,0.8,0.1, 21.43,3.96,-9.5,90.53,20.3,0.0,4.40,2.40,9.1,8.3,6.9,0.40,-0.06,0.31,-2.06,-2.30,91.24,89.78,16.06,105.84,2.9,105.84,21,16,0.52,-0.30,1.35,200,5.0,19
玲珑转债,113019,2018-03-22,玲珑轮胎,601966,汽车,121.6,-0.98,0.13,20.38,-1.26,10.0,0.4,18.55,2.51,9.9,109.87,10.7,0.0,3.40,1.40,8.2,9.0,20.0,-2.16,-2.83,-2.29,-10.8,-11.0,95.00,97.49,21.82,119.31,1.9,119.31,21,16,0.68,0.20,1.15,375,4.5,16
大族转债,128035,2018-03-05,大族激光,002008,机械装备制造,107,-0.10,-0.48,35.55,-4.69,2.7,0.1,52.30,4.78,-32.0,67.97,57.4,0.0,4.33,2.33,6.1,4.1,23.0,0.30,-0.06,0.23,-0.83,-1.20,93.93,89.81,6.08,95.89,11.6,95.89,36,16,0.12,-1.99,2.38,375,4.5,40
无锡转债,110043,2018-03-14,无锡银行,600908,金融,103.94,-0.14,-0.63,5.24,-2.06,8.0,0.3, 6.52,0.93,-19.6,80.37,29.3,0.0,4.32,0,31.0,24.9,30.0,1.26,0.83,1.17,0,0,0,90.92,10.12,101.05,2.9,101.05,23,18,0.38,-0.36,1.11,375,4.5,64
江银转债,128034,2018-02-14,江阴银行,002807,金融,106.11,-0.23,-0.50,4.33,-1.37,2.4,0.1, 4.68,0.88,-7.5,92.52,14.7,0.0,4.30,0,18.7,17.3,17.6,0.77,0.35,0.68,0,0,0,90.97,16.99,107.96,-1.7,107.96,16,18,0.53,0.71,0.37,375,4.5,59
道氏转债,123007,2018-01-26,道氏技术,300409,建筑,105.91,-0.11,-0.63,12.18,-1.85,3.2,1.0, 15.05,2.45,-19.1,80.93,30.9,0.0,4.23,2.23,5.4,4.4,3.0,1.36,0.83,1.26,-0.95,-1.24,90.21,88.07,11.74,99.81,6.1,99.81,25,16,0.40,-1.10,1.94,325,6.0,21
迪龙转债,128033,2018-01-29,雪迪龙,002658,城市公用设施,102.31,0.12,-0.73,7.04,-1.81,0.6,0.1, 8.93,2.20,-21.2,78.84,29.8,0.0,4.22,2.22,12.2,9.6,5.2,1.83,1.36,1.74,0.30,0.05,91.81,90.14,9.57,99.71,2.6,99.71,21,17,0.34,-0.34,1.01,200,5.0,54
吉视转债,113017,2018-01-15,吉视传媒,601929,传媒娱乐,101.29,0.04,-0.14,2.14,-0.47,0.4,0.0,2.95,1.00,-27.5,72.54,39.6,0.0,4.22,2.22,23.4,17.0,15.6,2.08,1.61,1.99,0.73,0.48,92.85,91.93,5.39,97.32,4.1,97.32,24,16,0.23,-0.63,1.08,375,4.5,27
航电转债,110042,2018-01-15,中航电子,600372, 航空航,116.21,-0.34,-0.08,14.2,-0.70,6.9,0.2,14.18,3.49,0.1,100.14,16.0,0.0,4.22,2.22,9.6,9.6,24.0,-1.36,-1.79,-1.45,-4.86,-5.11,94.16,93.39,19.27,112.66,3.1,112.66,22,16,0.61,-0.09,1.30,300,4.0,16
蒙电转债,110041,2018-01-09,内蒙华电,600863,能源电力,118.55,-0.29,-2.27,2.98,-3.87,10,0.5,2.82,1.54,5.7,105.67,12.2,0.0,4.21,2.21,10.8,11.4,18.7,-1.61,-2.07,-1.70,-5.65,-5.90,94.29,94.37,22.60,116.97,1.3,116.97,16,16,0.66,0.35,0.97,300,4.0,14
双环转债,128032,2018-01-25,双环传动,002472,机械装备制造,95.85,-0.16,0.08,5.21,-2.98,1.4,0.2,9.93,1.05,-47.5,52.47,82.7,0.0,4.22,2.22,28.0,14.7,10.0,3.57,3.07,3.47,3.22,2.93,92.06,90.60,2.22,92.82,3.3,92.82,30,16,0.03,-0.62,0.66,200,5.0,37
 康转债,128030,2018-01-29, 康生物,002100,农业,118,0.05,1.13,8.92,1.59,13,1.8,8.05,2.56,10.8,110.81,6.5,0.0,4.21,2.21,6.7,7.4,6.0,-1.09,-1.63,-1.19,-5.49,-5.74,92.10,92.26,28.83,121.09,-2.6,121.09,15,16,0.73,1.06,0.43,200,5.0,12
太阳转债,128029,2018-01-16,太阳纸业,002078,造纸包装印刷,114.159,-0.30,1.30,7.93,2.19,0.0,0.0,8.65,1.58,-8.3,91.68,24.5,0.0,3.21,1.21,5.8,5.3,12.0,-1.65,-2.12,-1.74,-8.24,-8.42,95.52,94.19,11.11,105.30,8.4,105.30,34,16,0.46,-1.21,2.20,375,4.5,10
赣锋转债,128028,2018-01-19,赣锋锂业,002460,有色金属,101.7,-0.03,-0.03,22.56,-1.70,1.5,0.2,42.28,3.81,-46.6,53.36,90.6,0.0,4.21,2.21,3.2,1.7,9.3,1.87,1.42,1.78,0.35,0.14,91.43,89.75,2.60,92.36,10.1,92.36,45,17,0.04,-1.82,1.99,200,5.0,20
铁汉转债,123004,2018-01-26,铁汉生态,300197,城市公用设施,101.417,-0.08,-0.23,3.16,-0.94,0.3,0.0, 3.98,1.15,-20.6,79.40,27.7,0.0,4.20,2.20,11.2,8.9,8.3,2.06,1.59,1.97,0.68,0.43,91.92,90.25,8.50,98.75,2.7,98.75,20,15,0.33,-0.39,1.05,200,5.0,42
崇达转债,128027,2018-01-22,崇达技术,002815,电子,125.258,-1.91,-0.58,18.41,-2.49,16,8.7,14.76,5.54,24.7,124.73,0.4,0.0,4.19,2.19,0.9,1.1,1.4,-2.94,-3.39,-3.03,-7.92,-8.16,92.18,90.72,34.01,124.73,0.4,124.73,2,16,1.00,0.91,1.08,200,5.0,16
泰晶转债,113503,2018-01-02,泰晶科技,603738,电子,121.87,1.84,-2.32,20.15,-0.64,160,206,17.90,5.05,12.6,112.57,8.3,0.0,4.19,2.19,2.0,2.2,0.6,-1.85,-2.39,-1.95,-6.80,-7.05,92.28,92.45,30.16,122.60,-0.6,122.60,12,16,0.75,0.66,0.84,200,5.0,35
众兴转债,128026,2018-01-03,众兴菌业,002772,农业,94,-0.01,-0.05,6.83,-0.87,7.7,0.9, 11.54,1.03,-40.8,59.19,58.8,0.0,4.18,2.18,36.6,21.7,9.2,4.13,3.60,4.02,4.18,3.88,90.29,87.39,4.24,91.63,2.6,91.63,25,16,0.07,-0.52,0.64,325,6.0,60
蓝思转债,123003,2018-01-17,蓝思科技,300433,电子,113.8,-1.47,-3.46,10.3,-8.20,58,1.0, 10.44,2.56,-1.3,98.66,15.3,0.0,4.17,2.17,11.9,11.7,48.0,-0.76,-1.21,-0.85,-4.19,-4.43,93.07,92.14,19.06,111.20,2.3,111.20,14,16,0.60,-0.00,1.21,375,4.5,41
特一转债,128025,2017-12-28,特一药业,002728,医药,111.905,0.82,0.64,16.53,1.97,2.2,0.6, 15.45,3.29,7.0,106.99,4.6,0.0,4.16,2.16,10.2,10.9,3.4,-0.35,-0.81,-0.44,-3.50,-3.74,90.08,86.97,30.46,117.43,-4.7,117.43,11,17,0.74,1.41,0.13,325,6.0,33
亚太转债,128023,2017-12-26,亚太股份,002284,汽车,94.58,0.22,-0.25,4.83,-1.63,0.9,0.1,10.34,1.39,-53.3,46.71,102,0.0,4,2,28.1,13.1,10.0,4.42,3.82,4.30,3.90,3.61,92.32,92.48,0.49,92.97,1.7,92.97,28,17,0.02,-0.33,0.36,200,5.0,56
众信转债,128022,2017-12-28,众信旅游,002707,旅游餐饮酒店,100.901,-0.23,0.11,5.33,-0.74,0.8,0.1, 7.91,2.05,-32.6,67.38,49.7,0.0,4,2,14.9,10.1,7.0,2.21,1.73,2.12,0.92,0.66,92.13,90.45,5.17,95.63,5.5,95.63,29,17,0.16,-0.99,1.33,200,5.0,17
兄弟转债,128021,2017-12-27,兄弟科技,002562,医药,109.567,-0.22,0.55,4.8,0.63,0.4,0.1, 5.25,2.01,-8.6,91.43,19.8,0.0,4,2,11.7,10.7,5.1,0.16,-0.30,0.07,-2.64,-2.89,92.17,90.49,15.68,106.17,3.2,106.17,23,16,0.52,-0.34,1.39,200,5.0,26
国祯转债,123002,2017-12-25,国祯环保,300388,城市公用设施,128.888,0.46,3.09,10.74,4.17,18,2.8, 8.60,2.65,24.9,124.88,3.2,0.0,4,2,6.9,8.6,5.0,-3.77,-4.20,-3.85,-9.35,-9.57,92.22,90.54,41.41,131.95,-2.3,131.95,19,16,0.85,1.21,0.52,200,5.0,11
水晶转债,128020,2017-12-12,水晶光电,002273,电子,124.9,-3.47,-4.42,14.67,-9.72,80,5.6, 12.23,3.36,20.0,119.95,4.1,0.0,4,2,6.9,8.3,11.3,-2.74,-3.24,-2.84,-8.36,-8.54,91.81,91.63,35.79,127.42,-2.0,127.42,2,16,0.81,1.08,0.57,200,5.0,21
济川转债,110038,2017-11-29,济川药业,600566,医药,108.27,-0.03,0.17,28.32,0.82,0.1,0.0,38.81,4.31,-27.0,72.97,48.4,0.0,3,1,2.7,2.0,6.3,0.16,-0.37,0.05,-4.94,-5.17,95.48,93.71,2.94,96.65,12.0,96.65,37,15,0.17,-2.06,2.57,200,5.0,31
嘉澳转债,113502,2017-11-27,嘉澳环保,603822,城市公用设施,98.36,0.02,-0.04,23.85,-0.42,0.4,0.2,45.04,2.42,-47.0,52.95,85.7,0.0,4,2,10.6,5.6,1.9,3.50,2.90,3.38,2.26,1.95,90.77,89.43,2.52,91.95,7.0,91.95,40,17,0.04,-1.29,1.39,325,6.0,44
久立转2,128019,2017-12-01,久立特材,002318, 石油然气化工,112.5,0.22,-0.68,7.65,-0.78,0.7,0.1,7.92,2.20,-3.4,96.59,16.5,0.0,4,2,16.2,15.6,10.4,-0.49,-0.95,-0.58,-3.85,-4.10,92.41,90.73,19.45,110.18,2.1,110.18,20,17,0.58,-0.04,1.20,200,5.0,21
时达转债,128018,2017-12-04,新时达,002527,机械装备制造,97.331,0.22,-0.35,5.1,-0.78,0.5,0.1, 7.45,1.25,-31.5,68.46,42.2,0.0,4,2,27.8,19.0,8.8,3.30,2.78,3.19,2.71,2.41,92.66,91.19,4.69,95.88,1.5,95.88,20,16,0.16,-0.23,0.55,200,5.0,51
小康转债,113016,2017-11-21,小康股份,601127,汽车,99.78,0.27,-0.03,12.8,0.95,0.9,0.1, 17.12,2.56,-25.2,74.77,33.5,0.0,4,2,7.3,5.5,8.8,2.66,2.14,2.55,1.57,1.27,92.66,91.19,6.79,97.98,1.8,97.98,21,16,0.26,-0.24,0.75,200,5.0,39
金禾转债,128017,2017-11-27,金禾实业,002597, 石油然气化工,114.65,0.35,0.61,19.9,2.16,0.1,0.0,22.96,2.87,-13.3,86.67,32.3,0.0,4,2,5.4,4.7,6.0,-0.96,-1.43,-1.06,-4.70,-4.95,92.50,90.81,13.17,103.98,10.3,103.98,35,17,0.45,-1.62,2.65,200,5.0,21
林洋转债,113014,2017-11-13,林洋能源,601222,能源电力,99.77,-0.10,0.10,4.76,0.00,0.8,0.0,8.59,0.86,-44.6,55.41,80.0,0.0,4,2,35.9,19.9,30.0,2.68,2.16,2.58,1.59,1.29,92.79,91.31,2.37,93.69,6.5,93.69,38,16,0.04,-1.19,1.28,200,5.0,26
雨虹转债,128016,2017-10-20,东方雨虹,002271,建筑,115.037,-0.40,0.81,21.02,0.77,3.9,0.2,22.33,3.92,-5.9,94.13,22.2,0.0,3.97,1.97,5.9,5.5,18.4,-1.19,-1.64,-1.28,-5.27,-5.48,93.40,92.47,15.36,107.83,6.7,107.83,29,16,0.54,-0.88,2.00,375,4.5,21
国君转债,113013,2017-07-24,国泰君安,601211,金融,117.64,-0.93,-0.35,17.57,-2.77,9.2,0.1,19.40,1.33,-9.4,90.57,29.9,0.0,3.75,0,4.5,4.1,70.0,-1.98,-2.42,-2.07,0,0,0,94.62,12.30,106.93,10.0,106.93,30,17,0.46,-1.46,2.49,300,4.0,26
久其转债,128015,2017-07-18,久其软件,002279,计算机及应用,95.65,0.40,-0.59,6.11,-1.77,2.8,0.4, 9.48,4.99,-35.5,64.45,48.4,0.0,3.67,1.67,17.9,11.6,7.8,4.42,3.79,4.30,3.89,3.60,89.87,86.15,6.02,92.17,3.8,92.17,25,17,0.10,-0.78,0.99,275,7.5,76
模塑转债,127004,2017-08-16,模塑科技,000700,汽车,95.695,0.21,-0.33,3.74,-6.73,4.2,0.5,7.59,1.36,-50.7,49.28,94.2,0.0,3.66,1.66,26.5,13.1,8.2,5.08,4.33,4.93,4.04,3.72,94.12,95.97,0.31,96.27,-0.6,96.27,2,17,0.02,0.12,-0.08,200,5.0,93
永东转债,128014,2017-07-18,永东股份,002753, 石油然气化工,100.102,-0.04,0.04,8.03,0.12,0.3,0.1,13.28,1.97,-39.5,60.47,65.5,0.0,3.53,1.53,12.6,7.6,3.4,3.38,2.71,3.25,1.59,1.26,93.20,91.82,2.93,94.75,5.6,94.75,35,17,0.06,-1.04,1.18,325,6.0,49
骆驼转债,113012,2017-07-18,骆驼股份,601311,汽车,102.75,-0.12,-0.09,9.09,-1.84,0.4,0.1, 13.29,1.26,-31.6,68.40,50.2,0.0,3.46,1.46,6.5,4.4,5.1,1.70,1.21,1.60,-0.12,-0.43,94.77,92.19,4.17,96.36,6.6,96.36,32,16,0.11,-1.18,1.43,200,5.0,23
光大转债,113011,2017-07-18,光大银行,601818,金融,113.95,-0.18,-0.95,3.94,-1.99,64,0.2,3.97,0.69,-0.8,99.24,14.8,0.0,3.44,0,14.5,14.4,300.0,-1.23,-1.72,-1.33,0,0,0,95.77,15.87,111.64,2.1,111.64,19,16,0.57,0.11,1.03,300,4.0,29
洪涛转债,128013,2016-08-23,洪涛股份,002325,建筑,98.9,0.41,-0.41,3.07,1.66,11,0.9,9.97,1.21,-69.2,30.79,221,0.0,2.81,0.81,31.3,9.6,12.0,4.36,3.58,4.21,3.01,2.63,97.07,97.25,0.45,97.70,1.2,97.70,32,16,0.00,-0.24,0.23,200,5.0,89
海印转债,127003,2016-07-01,海印股份,000861,商业零售,108.111,-0.24,-0.38,2.87,-1.37,3.2,0.3, 3.01,1.87,-4.7,95.35,13.4,0.0,2.67,0.67,14.7,14.0,9.4,1.80,0.88,1.62,-6.94,-7.33,97.73,99.67,10.35,110.02,-1.7,110.02,14,16,0.45,0.68,0.25,200,5.0,100
辉丰转债,128012,2016-05-17,辉丰股份,002496, 石油然气化工,98.56,0.37,-0.37,2.93,3.17,5.4,0.7,7.71,1.43,-62.0,38.00,159,0.0,2.54,0.54,19.1,7.3,8.4,2.80,2.35,2.71,8.36,7.09,99.12,88.13,12.05,100.17,-1.6,100.17,2,17,0.00,0.33,-0.31,275,7.5,93
顺昌转债,128010,2016-02-23,澳洋顺昌,002245,交通运输,103.116,0.12,-0.12,3.53,-1.12,0.2,0.0,9.26,1.77,-61.9,38.12,170,0.0,2.29,0.29,14.7,5.6,5.1,3.41,2.47,3.22,-2.63,-3.40,99.62,99.63,0.65,100.28,2.8,100.28,49,17,0.00,-0.55,0.54,200,5.0,36
广汽转债,113009,2016-02-04,广汽集团,601238,汽车,114.88,-0.54,0.54,12.27,0.00,0.0,0.0,14.41,1.60,-14.9,85.15,34.9,0.0,2.29,0.29,2.0,1.7,25.5,-2.30,-3.01,-2.44,-26.5,-27.2,99.94,99.78,3.88,103.66,10.8,103.66,36,15,0.26,-1.72,2.35,300,4.0,15
九州转债,110034,2016-01-29,九州通,600998,医药,106.93,0.55,-0.63,14.27,-0.83,6.3,0.4,18.32,1.67,-22.1,77.89,37.3,0.0,2.27,0.27,5.6,4.4,15.0,1.43,0.57,1.26,-6.53,-8.07,101.81,100.00,2.11,102.11,4.7,102.11,25,15,0.08,-0.79,0.95,375,4.5,29
国贸转债,110033,2016-01-19,厦门国贸,600755,交通运输,110.88,-0.04,-0.08,7.34,-0.41,0.3,0.0,8.34,1.07,-12.0,88.01,26.0,0.0,2.25,0.25,11.0,9.7,14.6,0.09,-0.82,-0.09,-21.6,-22.3,100.06,101.88,4.24,106.13,4.5,106.13,26,15,0.28,-0.59,1.15,300,4.0,19
蓝标转债,123001,2016-01-18,蓝色光标,300058,传媒娱乐,140.193,-0.38,-1.11,5.93,-1.50,4.3,259, 4.28,1.71,38.6,138.55,1.2,0.0,2.20,0.20,0.0,0.0,0.0,-10.1,-10.9,-10.3,-80.5,-81.2,100.02,100.19,38.36,138.55,1.2,138.55,42,17,1.00,0.75,1.24,200,5.0,29
航信转债,110031,2015-06-30, 航信息,600271,计算机及应用,110.69,0.88,-0.88,20.95,-1.04,4.7,0.2,41.94,3.67,-50.0,49.95,122,0.0,1.68,0,6.1,3.1,24.0,-1.19,-2.12,-1.38,0,0,100.23,101.63,0.00,101.63,8.9,101.63,67,17,0.00,-1.64,1.69,300,4.0,21
电气转债,113008,2015-02-16,上海电气,601727,能源电力,115.49,0.08,-0.08,5.02,0.00,1.3,0.0, 5.13,1.24,-2.1,97.86,18.0,0.0,1.32,0,5.9,5.7,44.7,-4.91,-5.99,-5.13,0,0,103.00,103.33,5.53,108.86,6.1,108.86,33,16,0.39,-0.72,1.52,300,3.5,23
格力转债,110030,2015-01-13,格力地产,600185,地产,112.69,2.19,-2.19,5.37,3.67,27,5.8, 6.94,1.40,-22.6,77.38,45.6,0.0,0.22,0,3.8,3.0,4.2,-24.6,-28.4,-25.3,0,0,103.00,105.10,0.00,105.10,7.2,105.10,86,16,0.00,-1.35,1.37,200,4.0,13
