序号,转债名称,转债代码,股票名称,股票代码,行业,转债价格,涨跌,盘中套利,股价,涨跌.1,转债成交额,转债换手率,剩余本息,转股价格,P/B,转股价值,转股溢价率,距离转股日,剩余年限,回售年限,余额/市值,余额/股本,转债余额,股票市值,税前收益率,税后收益率,税前回售收益,税后回售收益,回售价值,纯债价值,期权价值,内在价值,价值溢价,历史波动,隐含波动,预测波动,弹性,信用,折现率,双低指数,热门度,转债名称.1
1,N百川转,128093,百川股份,2455,石油天然气化工,108.368,8.37%,0.00%,5.75,-1.20%,501.0,88.3%,130.3,6.0,2.23,95.83,13.1%,5月19天,5.95年,3.95年,17.5%,16.8%,5.2,30,3.24%,2.38%,-0.22%,-0.56%,84.80,93.12,24.92,118.05,-8.2%,39%,<2%,17%,0.57,AA-,6.0%,121,11,N百川转
2,新天转债,128091,新天药业,2873,医药,113.926,1.26%,0.35%,18.38,1.94%,46.0,23.0%,120.0,16.49,3.02,111.46,2.2%,5月16天,5.94年,3.94年,8.2%,9.2%,1.8,22,0.90%,0.31%,-1.97%,-2.20%,78.41,78.95,45.13,124.07,-8.2%,60%,<2%,16%,0.83,A+,7.5%,116,5,新天转债
3,N麦米转,128089,麦格米特,2851,电子,124.3,24.3%,0.00%,23.4,-2.17%,880.0,107%,113.3,20.31,5.82,115.21,7.9%,5月12天,5.93年,3.93年,6.0%,6.9%,6.6,110,-1.58%,-1.97%,-4.34%,-4.51%,81.96,80.74,44.16,124.9,-0.5%,63%,<2%,16%,0.83,AA-,6.0%,133,10,N麦米转
4,深南转债,128088,深南电路,2916,电子,129.95,0.35%,-0.77%,171.49,-0.53%,121.0,6.1%,115.1,149.25,13.19,114.9,13.1%,5月10天,5.92年,3.92年,2.6%,3.0%,15.0,582,-2.06%,-2.50%,-5.43%,-5.58%,85.00,86.64,38.46,125.1,3.9%,61%,22%,16%,0.79,AA,5.0%,145,26,深南转债
5,东风转债,113030,东风股份,601515,造纸包装印刷,114.25,-0.84%,0.29%,6.79,-0.88%,46.0,13.5%,117.3,6.9,2.21,98.41,16.1%,5月10天,5.92年,3.92年,3.3%,3.2%,3.0,91,0.45%,-0.06%,-2.34%,-2.51%,85.19,88.33,24.66,112.99,1.1%,37%,19%,16%,0.63,AA,5.0%,130,8,东风转债
6,淮矿转债,110065,淮北矿业,600985,煤炭,115.32,-0.16%,-0.98%,9.61,-1.84%,63.0,2.0%,111.0,9.93,1.14,96.78,19.2%,5月9天,5.92年,3.92年,13.2%,12.8%,28.0,209,-0.65%,-0.99%,-2.63%,-2.79%,88.28,88.34,21.92,110.27,4.6%,42%,22%,16%,0.62,AAA,4.0%,134,19,淮矿转债
7,日月转债,113558,日月股份,603218,机械装备制造,125.96,-0.76%,-1.97%,21.63,-3.65%,79.0,5.2%,115.3,19.68,3.57,109.91,14.6%,5月7天,5.92年,3.92年,10.4%,11.5%,12.0,115,-1.51%,-1.96%,-4.66%,-4.83%,85.20,86.84,34.26,121.1,4.0%,46%,20%,16%,0.75,AA,5.0%,142,20,日月转债
8,永创转债,113559,永创智能,603901,机械装备制造,120.22,-0.17%,-0.66%,12.73,-1.01%,41.0,6.7%,118.9,10.39,4.24,122.52,-1.9%,5月9天,5.92年,3.92年,9.1%,11.2%,5.1,56,-0.19%,-0.74%,-3.30%,-3.52%,83.01,84.93,49.05,133.99,-10.3%,40%,<2%,17%,0.83,AA-,6.0%,118,18,永创转债
9,建工转债,110064,重庆建工,600939,建筑,112.44,-0.48%,-0.15%,4.56,-1.08%,104.0,5.5%,120.2,4.65,1.24,98.06,14.7%,5月6天,5.91年,3.91年,20.1%,19.7%,17.0,83,1.16%,0.56%,-1.79%,-2.00%,87.51,93.17,21.95,115.12,-2.3%,47%,14%,16%,0.58,AA+,4.5%,127,30,建工转债
10,至纯转债,113556,至纯科技,603690,机械装备制造,139.88,-1.78%,1.98%,39.4,0.23%,46.0,9.2%,126.8,29.47,7.5,133.7,4.6%,5月6天,5.91年,3.91年,3.5%,4.7%,3.6,102,-1.68%,-2.40%,-6.92%,-7.11%,78.23,83.45,60.74,144.2,-3.0%,65%,16%,16%,0.89,A+,7.5%,146,10,至纯转债
11,振德转债,113555,振德医疗,603301,医药,145.02,16.5%,-8.00%,26.57,10.0%,468.0,76.9%,124.8,20.04,3.14,132.58,9.4%,5月5天,5.91年,3.91年,11.8%,15.7%,4.4,37,-2.56%,-3.23%,-7.76%,-7.95%,82.82,89.12,54.54,143.66,0.9%,56%,<2%,17%,0.84,AA-,6.0%,157,9,振德转债
12,森特转债,113557,森特股份,603098,建筑,112.21,0.56%,-2.09%,10.46,-2.24%,14.0,2.1%,120.7,10.26,2.5,101.95,10.1%,5月5天,5.91年,3.91年,11.9%,12.2%,6.0,50,1.27%,0.66%,-1.86%,-2.04%,82.25,86.12,30.95,117.07,-4.1%,45%,9%,17%,0.68,AA-,6.0%,122,7,森特转债
13,孚日转债,128087,孚日股份,2083,服装纺织,109.5,0.08%,0.79%,6.49,1.25%,24.0,3.4%,113.3,6.39,1.63,101.56,7.8%,5月3天,5.90年,3.90年,11.0%,11.2%,6.5,59,0.59%,0.18%,-1.32%,-1.49%,85.27,85.41,28.74,114.15,-4.1%,24%,12%,16%,0.7,AA,5.0%,117,20,孚日转债
14,国轩转债,128086,国轩高科,2074,汽车,153.87,-5.31%,6.87%,21.01,1.64%,1159.0,39.9%,115.3,12.21,2.66,172.07,-10.6%,5月3天,5.90年,3.90年,7.7%,13.3%,19.0,239,-4.85%,-5.27%,-9.29%,-9.44%,85.27,86.91,90.73,177.64,-13.4%,40%,<2%,16%,0.95,AA,5.0%,136,20,国轩转债
15,鸿达转债,128085,鸿达兴业,2002,石油天然气化工,112.0,-1.16%,-1.43%,4.06,-4.25%,41.0,1.5%,124.8,3.98,1.6,102.01,9.8%,5月2天,5.90年,3.90年,23.1%,23.6%,24.0,105,1.89%,1.17%,-1.75%,-1.95%,85.69,94.11,24.77,118.88,-5.8%,43%,7%,16%,0.61,AA,5.0%,122,26,鸿达转债
16,仙鹤转债,113554,仙鹤股份,603733,造纸包装印刷,119.77,0.71%,-1.99%,14.68,-1.81%,18.0,1.2%,118.3,13.67,2.61,107.39,11.5%,5月2天,5.90年,3.90年,13.9%,14.9%,13.0,90,-0.21%,-0.75%,-3.52%,-3.68%,85.12,89.14,30.9,120.05,-0.2%,49%,14%,16%,0.71,AA,5.0%,132,9,仙鹤转债
17,木森转债,128084,木林森,2745,电子,124.15,-0.27%,-0.03%,14.13,-0.42%,35.0,1.1%,117.3,12.95,1.81,109.11,13.8%,5月2天,5.90年,3.90年,14.7%,16.1%,27.0,180,-0.97%,-1.48%,-4.34%,-4.51%,85.28,88.42,32.67,121.09,2.5%,58%,21%,16%,0.73,AA,5.0%,139,17,木森转债
18,明阳转债,113029,明阳智能,601615,能源电力,118.91,0.01%,-0.99%,12.31,-1.52%,45.0,2.2%,113.3,12.66,2.77,97.24,22.3%,5月2天,5.90年,3.90年,10.0%,9.7%,17.0,170,-0.83%,-1.23%,-3.32%,-3.49%,85.28,85.42,26.18,111.6,6.5%,58%,26%,17%,0.65,AA,5.0%,141,24,明阳转债
19,金牌转债,113553,金牌厨柜,603180,其他,118.68,0.90%,-1.22%,66.89,-0.45%,6.1,1.3%,124.6,62.69,4.31,106.7,11.2%,4月29天,5.89年,3.89年,8.7%,9.3%,3.9,45,0.85%,0.14%,-3.21%,-3.39%,82.37,88.99,32.51,121.51,-2.3%,49%,12%,16%,0.71,AA-,6.0%,131,7,金牌转债
20,鹰19转债,110063,山鹰纸业,600567,造纸包装印刷,120.82,-0.89%,-0.79%,3.47,-2.53%,19.0,0.9%,116.2,3.3,1.15,105.15,14.9%,4月29天,5.89年,3.89年,11.7%,12.3%,19.0,159,-0.67%,-1.15%,-3.76%,-3.92%,86.72,90.04,28.71,118.75,1.7%,29%,19%,17%,0.67,AA+,4.5%,136,30,鹰19转债
21,新北转债,128083,新北洋,2376,电子,121.234,-0.79%,-0.10%,12.35,-1.28%,8.1,0.8%,115.2,11.9,2.5,103.78,16.8%,4月28天,5.89年,3.89年,10.7%,11.1%,8.8,82,-0.88%,-1.33%,-3.81%,-3.97%,85.23,86.87,30.26,117.13,3.5%,39%,23%,17%,0.69,AA,5.0%,139,14,新北转债
22,先导转债,123036,先导智能,300450,机械装备制造,132.35,-0.87%,-0.24%,43.0,-1.49%,18.0,1.4%,115.1,39.15,9.85,109.83,20.5%,4月27天,5.89年,3.89年,2.6%,2.9%,10.0,379,-2.38%,-2.82%,-5.91%,-6.06%,85.15,86.79,34.07,120.86,9.5%,63%,31%,16%,0.75,AA,5.0%,155,18,先导转债
23,华锋转债,128082,华锋股份,2806,电子,111.35,-0.95%,-0.71%,13.83,-2.19%,7.5,1.9%,122.0,13.17,1.94,105.01,6.0%,4月20天,5.87年,3.87年,14.5%,15.2%,3.5,24,1.61%,0.95%,-1.44%,-1.68%,78.81,80.66,40.27,120.93,-7.9%,74%,<2%,18%,0.76,A+,7.5%,118,16,华锋转债
24,烽火转债,110062,烽火通信,600498,通信互联网,126.9,-0.56%,-1.48%,27.17,-2.96%,34.0,0.9%,111.0,25.99,3.1,104.54,21.4%,4月16天,5.86年,3.86年,9.7%,10.1%,31.0,318,-2.29%,-2.62%,-4.97%,-5.12%,88.48,88.54,27.47,116.01,9.4%,37%,29%,16%,0.69,AAA,4.0%,149,14,烽火转债
25,克来转债,113552,克来机电,603960,机械装备制造,126.89,-0.29%,-1.93%,33.61,-2.58%,2.0,0.9%,118.5,27.86,10.82,120.64,5.2%,4月18天,5.86年,3.86年,3.0%,3.7%,1.8,59,-1.18%,-1.72%,-4.72%,-4.92%,78.50,78.33,53.57,131.9,-3.8%,56%,<2%,17%,0.86,A+,7.5%,133,7,克来转债
26,海亮转债,128081,海亮股份,2203,有色金属,114.62100000000001,-0.59%,-0.87%,10.21,-2.11%,126.0,3.5%,115.2,9.83,2.35,103.87,10.4%,4月6天,5.83年,3.83年,15.8%,16.4%,32.0,199,0.09%,-0.38%,-2.49%,-2.67%,85.47,87.12,30.1,117.22,-2.2%,28%,14%,17%,0.69,AA,5.0%,125,19,海亮转债
27,福特转债,113551,福斯特,603806,能源电力,131.3,-0.53%,2.81%,51.3,2.76%,15.0,1.0%,115.3,41.04,4.51,125.0,5.0%,4月1天,5.82年,3.82年,4.1%,5.1%,11.0,268,-2.24%,-2.69%,-5.77%,-5.93%,85.60,87.25,47.2,134.45,-2.3%,40%,19%,17%,0.83,AA,5.0%,138,8,福特转债
28,顺丰转债,128080,顺丰控股,2352,交通运输,120.08,0.07%,0.08%,38.96,0.26%,65.0,0.9%,109.2,40.41,4.33,96.41,24.5%,4月1天,5.82年,3.82年,3.4%,3.3%,58.0,1720,-1.63%,-1.92%,-3.98%,-4.08%,87.47,87.13,21.36,108.49,10.7%,31%,31%,16%,0.61,AAA,4.0%,144,16,顺丰转债
29,常汽转债,113550,常熟汽饰,603035,汽车,152.27,0.25%,-1.71%,16.39,-1.56%,28.0,1.9%,121.8,9.93,1.76,165.06,-7.7%,4月1天,5.82年,3.82年,21.6%,35.7%,9.9,46,-3.84%,-4.43%,-9.05%,-9.24%,83.23,87.43,85.48,172.91,-11.9%,38%,<2%,17%,0.93,AA-,6.0%,139,18,常汽转债
30,白电转债,113549,白云电器,603861,能源电力,107.82,0.52%,0.14%,8.75,1.04%,8.4,0.9%,115.1,8.99,1.7,97.33,10.8%,4月0天,5.82年,3.82年,22.3%,21.7%,8.8,40,1.15%,0.68%,-1.01%,-1.18%,85.45,87.1,24.3,111.4,-3.2%,42%,13%,16%,0.64,AA,5.0%,118,22,白电转债
31,利德转债,123035,利亚德,300296,电子,130.3,-0.95%,0.12%,8.09,-1.10%,8.5,0.8%,115.6,7.04,2.47,114.91,13.4%,3月29天,5.81年,3.81年,3.9%,4.5%,8.0,206,-2.08%,-2.54%,-5.54%,-5.72%,87.55,89.98,36.52,126.5,3.0%,62%,23%,17%,0.75,AA+,4.5%,146,15,利德转债
32,川投转债,110061,川投能源,600674,能源电力,118.25,-0.47%,-0.06%,9.04,-0.99%,13.0,0.3%,111.0,9.92,1.52,91.13,29.8%,3月24天,5.81年,3.81年,10.1%,9.2%,40.0,398,-1.10%,-1.44%,-3.32%,-3.48%,88.68,88.74,17.77,106.52,11.0%,17%,29%,16%,0.54,AAA,4.0%,145,15,川投转债
33,通光转债,123034,通光线缆,300265,通信互联网,107.105,-0.09%,0.09%,7.9,0.00%,14.0,4.4%,118.5,7.98,2.6,99.0,8.2%,3月17天,5.79年,3.79年,11.1%,11.0%,3.0,27,1.80%,1.23%,-0.75%,-0.94%,78.41,78.66,34.98,113.64,-5.7%,50%,10%,17%,0.73,A+,7.5%,115,27,通光转债
34,金力转债,123033,金力永磁,300748,电子,111.38,-1.09%,-0.65%,37.88,-2.97%,3.1,0.6%,121.9,41.2,13.39,91.94,21.1%,3月16天,5.78年,3.78年,2.8%,2.6%,4.4,157,1.61%,0.95%,-1.41%,-1.66%,84.03,87.83,22.72,110.55,0.8%,79%,17%,16%,0.58,AA-,6.0%,131,14,金力转债
35,石英转债,113548,石英股份,603688,电子,158.02,-2.47%,0.61%,24.7,-2.02%,55.0,9.6%,124.8,15.25,5.82,161.97,-2.4%,3月10天,5.77年,3.77年,4.3%,7.0%,3.6,83,-4.09%,-4.75%,-10.0%,-10.2%,83.49,89.84,80.47,170.31,-7.2%,53%,<2%,17%,0.92,AA-,6.0%,154,14,石英转债
36,天路转债,110060,西藏天路,600326,建筑,116.21,-1.37%,-0.23%,7.23,-2.43%,36.0,2.9%,115.3,7.24,1.84,99.86,16.4%,3月11天,5.77年,3.77年,17.4%,17.3%,11.0,63,-0.14%,-0.61%,-2.86%,-3.03%,85.84,87.49,25.96,113.45,2.4%,46%,20%,16%,0.66,AA,5.0%,133,12,天路转债
37,浦发转债!,110059,浦发银行,600000,金融,110.05,-0.39%,-0.13%,12.08,-1.39%,581.0,1.1%,117.8,15.05,0.74,80.27,37.1%,3月13天,5.77年,无权,14.1%,11.3%,500.0,3546,1.22%,0.66%,无权,无权,无权,94.47,10.83,105.3,4.5%,22%,22%,17%,0.37,AAA,4.0%,140,53,浦发转债!
38,北方转债,127014,北方国际,65,建筑,114.162,-0.13%,-0.87%,8.37,-1.76%,2.4,0.4%,115.6,8.84,1.4,94.68,20.6%,3月9天,5.76年,3.76年,9.0%,8.5%,5.8,64,0.22%,-0.26%,-2.35%,-2.54%,87.77,90.21,21.13,111.33,2.5%,49%,21%,17%,0.57,AA+,4.5%,134,16,北方转债
39,索发转债,113547,索通发展,603612,其他,126.7,-0.86%,-0.56%,13.5,-1.75%,31.0,2.6%,119.1,10.67,1.83,126.52,0.1%,3月9天,5.76年,3.76年,20.8%,26.3%,9.5,45,-1.09%,-1.65%,-4.86%,-5.06%,86.44,90.49,46.55,137.04,-7.5%,62%,<2%,17%,0.81,AA,5.0%,127,11,索发转债
40,迪贝转债!,113546,迪贝电气,603320,家电,103.92,-0.52%,-0.69%,16.38,-1.97%,5.9,2.4%,121.1,18.45,2.56,88.78,17.1%,3月8天,5.75年,3.75年,14.0%,12.5%,2.3,16,2.75%,2.10%,0.13%,-0.09%,78.95,80.64,27.18,107.81,-3.6%,54%,14%,18%,0.61,A+,7.5%,119,29,迪贝转债!
41,英联转债,128079,英联股份,2846,造纸包装印刷,132.54,-1.20%,0.54%,21.0,-0.71%,13.0,4.7%,117.9,13.54,6.43,155.1,-14.5%,3月6天,5.75年,3.75年,5.2%,8.1%,2.1,41,-2.05%,-2.58%,-6.05%,-6.22%,78.64,78.47,84.42,162.89,-18.6%,64%,<2%,18%,0.94,A+,7.5%,110,19,英联转债
42,太极转债,128078,太极股份,2368,计算机及应用,142.461,-1.07%,-1.52%,42.69,-2.98%,24.0,1.7%,117.3,31.61,6.2,135.05,5.5%,3月6天,5.75年,3.75年,5.7%,7.7%,10.0,176,-3.38%,-3.88%,-7.84%,-8.00%,85.92,89.09,53.98,143.06,-0.4%,46%,13%,16%,0.87,AA,5.0%,150,14,太极转债
43,华夏转债,128077,华夏航空,2928,交通运输,121.0,-3.59%,1.51%,12.16,-2.72%,37.0,3.8%,120.8,10.52,3.0,115.59,4.7%,3月1天,5.73年,3.73年,10.8%,12.5%,7.9,73,-0.03%,-0.65%,-3.82%,-4.01%,83.19,87.1,41.57,128.67,-6.0%,55%,11%,18%,0.77,AA-,6.0%,126,19,华夏转债
44,金轮转债,128076,金轮股份,2722,机械装备制造,108.18,-3.00%,-2.08%,14.52,-7.57%,13.0,5.5%,115.3,14.96,1.35,97.06,11.5%,2月29天,5.73年,3.73年,8.4%,8.2%,2.1,25,1.14%,0.65%,-1.07%,-1.25%,82.92,83.12,28.49,111.61,-3.1%,43%,10%,17%,0.67,AA-,6.0%,119,22,金轮转债
45,金能转债,113545,金能科技,603113,煤炭,111.3,-0.76%,-0.84%,10.7,-2.73%,25.0,1.5%,115.3,11.4,1.33,93.86,18.6%,2月27天,5.73年,3.73年,20.7%,19.5%,15.0,72,0.63%,0.15%,-1.79%,-1.98%,86.00,87.66,22.39,110.05,1.1%,46%,18%,17%,0.58,AA,5.0%,129,14,金能转债
46,万里转债!,123032,万里马,300591,服装纺织,105.37799999999999,-0.47%,-1.19%,5.96,-3.25%,8.9,4.7%,132.8,6.92,3.68,86.13,22.4%,2月26天,5.72年,3.72年,9.7%,8.3%,1.8,19,4.28%,3.31%,0.62%,0.23%,81.95,89.15,23.02,112.17,-6.1%,53%,9%,18%,0.51,A+,7.5%,125,38,万里转债!
47,游族转债!,128074,游族网络,2174,通信互联网,161.05,1.93%,-1.09%,27.8,0.91%,54.0,2.9%,120.3,17.06,4.66,162.95,-1.2%,2月5天,5.67年,3.67年,4.7%,7.6%,12.0,247,-5.09%,-5.66%,-10.5%,-10.7%,86.24,91.69,77.92,169.62,-5.1%,43%,<2%,17%,0.92,AA,5.0%,159,21,游族转债!
48,远东转债,128075,远东传动,2406,汽车,118.04,0.37%,-2.04%,5.92,-2.47%,10.0,0.9%,115.2,5.79,1.28,102.25,15.4%,2月5天,5.67年,3.67年,26.9%,27.5%,8.9,33,-0.44%,-0.91%,-3.35%,-3.52%,86.15,87.81,28.24,116.05,1.7%,31%,18%,17%,0.67,AA,5.0%,134,16,远东转债
49,桃李转债,113544,桃李面包,603866,食品饮料,117.4,0.63%,-0.56%,39.18,0.15%,6.8,0.6%,115.3,47.54,7.47,82.41,42.5%,2月4天,5.66年,3.66年,3.9%,3.2%,10.0,258,-0.32%,-0.80%,-3.19%,-3.38%,86.28,87.94,14.02,101.96,15.1%,39%,37%,16%,0.45,AA,5.0%,152,17,桃李转债
50,晶瑞转债,123031,晶瑞股份,300655,石油天然气化工,184.0,2.56%,3.56%,39.15,6.27%,142.0,42.5%,116.2,18.38,11.4,213.0,-13.6%,43天,5.60年,3.60年,3.1%,6.6%,1.9,59,-8.00%,-8.44%,-13.6%,-13.7%,79.18,78.11,140.03,218.14,-15.7%,68%,<2%,18%,0.98,A+,7.5%,155,18,晶瑞转债
51,哈尔转债,128073,哈尔斯,2615,其他,108.42200000000001,-0.07%,-0.77%,5.49,-1.44%,2.4,0.7%,115.7,5.8,2.56,94.66,14.5%,37天,4.58年,2.58年,13.3%,12.6%,3.0,23,1.45%,0.83%,-2.05%,-2.22%,87.38,88.93,20.92,109.85,-1.3%,41%,15%,17%,0.59,AA-,6.0%,122,25,哈尔转债
52,九洲转债,123030,九洲电气,300040,能源电力,110.735,0.02%,-0.36%,5.75,-0.52%,2.1,0.6%,120.5,5.7,1.02,100.88,9.8%,36天,5.58年,3.58年,15.6%,15.8%,3.1,20,1.56%,0.91%,-1.68%,-1.88%,83.84,87.65,29.44,117.09,-5.4%,39%,11%,18%,0.65,AA-,6.0%,121,28,九洲转债
53,翔鹭转债!,128072,翔鹭钨业,2842,有色金属,108.21,-0.72%,-0.48%,11.59,-2.93%,0.8,0.2%,115.5,15.36,3.8,75.46,43.4%,35天,5.58年,3.58年,9.5%,7.2%,3.0,32,1.20%,0.69%,-1.11%,-1.30%,83.68,84.01,14.12,98.12,10.3%,67%,32%,18%,0.41,AA-,6.0%,141,13,翔鹭转债!
54,英科转债,123029,英科医疗,300677,医药,146.105,-1.63%,0.61%,24.7,-1.20%,113.0,15.9%,138.7,16.25,3.56,152.0,-3.9%,33天,5.57年,3.57年,9.6%,14.6%,4.7,49,-0.96%,-2.00%,-7.95%,-8.28%,87.05,101.34,64.66,166.0,-12.0%,68%,<2%,17%,0.86,AA-,6.0%,140,24,英科转债
55,合兴转债,128071,合兴包装,2228,造纸包装印刷,111.71,0.15%,-1.38%,3.99,-2.21%,9.5,1.4%,115.1,4.38,1.63,91.1,22.6%,33天,5.57年,3.57年,12.8%,11.6%,6.0,47,0.55%,0.06%,-2.02%,-2.20%,86.49,88.16,20.78,108.95,2.5%,35%,20%,18%,0.56,AA,5.0%,132,18,合兴转债
56,欧派转债,113543,欧派家居,603833,其他,128.66,-0.76%,-0.71%,122.1,-1.82%,13.0,0.7%,115.3,101.46,5.85,120.34,6.9%,33天,5.57年,4.57年,2.9%,3.5%,15.0,513,-1.99%,-2.46%,-4.14%,-4.35%,84.16,88.35,41.46,129.81,-0.9%,40%,14%,16%,0.81,AA,5.0%,137,17,欧派转债
57,好客转债,113542,好莱客,603898,其他,116.88,0.26%,-1.33%,16.8,-1.64%,19.0,2.6%,115.3,16.62,2.15,101.08,15.6%,16天,5.53年,3.53年,12.1%,12.2%,6.3,52,-0.25%,-0.74%,-3.19%,-3.38%,86.86,88.53,26.78,115.31,1.4%,32%,18%,17%,0.66,AA,5.0%,133,17,好客转债
58,荣晟转债!,113541,荣晟环保,603165,造纸包装印刷,108.32,-0.65%,-0.68%,18.07,-2.06%,4.5,1.2%,115.5,18.72,2.4,96.53,12.2%,7天,5.50年,3.50年,10.3%,9.9%,3.3,32,1.20%,0.69%,-1.12%,-1.32%,84.21,84.42,27.85,112.27,-3.5%,54%,13%,18%,0.65,AA-,6.0%,120,40,荣晟转债!
59,南威转债,113540,南威软件,603636,计算机及应用,125.81,-0.31%,-2.45%,11.6,-3.57%,3.8,0.5%,118.0,10.13,3.48,114.51,9.9%,转股中,5.48年,3.48年,10.8%,12.4%,6.6,61,-1.19%,-1.75%,-5.12%,-5.32%,84.39,86.36,40.91,127.28,-1.2%,87%,13%,18%,0.77,AA-,6.0%,137,16,南威转债
60,圣达转债,113539,圣达生物,603079,医药,129.37,-0.46%,0.46%,37.45,0.00%,12.0,4.3%,121.6,28.78,5.1,130.13,-0.6%,转股中,5.45年,3.45年,5.0%,6.5%,2.1,42,-1.16%,-1.82%,-5.74%,-5.97%,81.00,82.85,57.88,140.73,-8.1%,64%,<2%,17%,0.88,A+,7.5%,129,26,圣达转债
61,智能转债!,128070,智能自控,2877,机械装备制造,105.65,-0.37%,-1.41%,8.5,-2.86%,4.7,1.9%,118.1,9.55,4.13,89.01,18.7%,转股中,5.44年,无权,8.1%,7.2%,2.3,28,2.12%,1.51%,无权,无权,无权,80.44,26.76,107.2,-1.4%,72%,15%,18%,0.62,A+,7.5%,122,28,智能转债!
62,安图转债,113538,安图生物,603658,医药,178.74,4.41%,-1.28%,114.66,3.27%,102.0,13.2%,115.1,64.11,22.6,178.85,-0.1%,转股中,5.43年,3.43年,0.9%,1.6%,4.4,482,-7.90%,-8.33%,-13.6%,-13.8%,87.06,88.74,95.34,184.08,-2.9%,43%,<2%,16%,0.96,AA,5.0%,179,15,安图转债
63,华森转债!,128069,华森制药,2907,医药,115.345,3.91%,2.84%,19.5,9.24%,55.0,16.1%,120.5,18.08,8.21,107.85,6.9%,转股中,5.42年,3.42年,3.8%,4.1%,3.0,78,0.83%,0.17%,-2.88%,-3.08%,84.60,88.45,32.5,120.96,-4.6%,64%,14%,16%,0.73,AA-,6.0%,123,35,华森转债!
64,清水转债,123028,清水源,300437,城市公用设施,104.9,-0.29%,-0.63%,10.32,-1.90%,5.4,1.1%,122.4,11.95,1.52,86.36,21.5%,转股中,5.41年,3.41年,21.7%,18.8%,4.9,23,2.97%,2.24%,0.11%,-0.17%,85.80,90.1,18.74,108.84,-3.6%,37%,13%,18%,0.48,AA-,6.0%,123,31,清水转债
65,环境转债,113028,上海环境,601200,城市公用设施,128.18,0.03%,0.16%,12.06,0.25%,16.0,0.6%,111.0,10.44,1.75,115.52,11.0%,转股中,5.41年,3.41年,19.7%,22.7%,22.0,110,-2.67%,-3.03%,-5.86%,-6.03%,88.56,87.88,36.84,124.72,2.8%,41%,22%,16%,0.79,AAA,4.5%,141,15,环境转债
66,华钰转债,113027,华钰矿业,601020,有色金属,105.99,-1.18%,-0.12%,8.83,-2.65%,6.6,1.0%,115.2,10.17,2.17,86.82,22.1%,转股中,5.39年,3.39年,13.8%,12.0%,6.4,46,1.59%,1.07%,-0.62%,-0.82%,87.32,89.0,16.52,105.52,0.4%,43%,18%,17%,0.49,AA,5.0%,125,42,华钰转债
67,蓝晓转债,123027,蓝晓科技,300487,石油天然气化工,130.5,-1.77%,0.55%,38.66,-1.38%,10.0,2.7%,120.0,29.58,6.82,130.7,-0.2%,转股中,5.39年,3.39年,3.5%,4.6%,2.8,80,-1.58%,-2.20%,-6.03%,-6.27%,81.44,82.12,59.12,141.24,-7.6%,77%,<2%,17%,0.89,A+,7.5%,130,18,蓝晓转债
68,文灿转债!,113537,文灿股份,603348,汽车,123.5,-1.71%,-1.70%,22.64,-4.55%,24.0,3.4%,122.0,19.93,2.46,113.6,8.7%,转股中,5.38年,3.38年,11.4%,12.9%,5.7,50,-0.23%,-0.92%,-4.55%,-4.79%,85.56,89.87,37.54,127.41,-3.1%,57%,10%,17%,0.75,AA-,6.0%,133,33,文灿转债!
69,中环转债,123026,中环环保,300692,城市公用设施,111.31200000000001,0.19%,-0.78%,12.6,-0.87%,3.1,1.2%,111.1,12.31,2.5,102.36,8.8%,转股中,4.38年,2.38年,11.2%,11.5%,2.3,21,-0.04%,-0.51%,-2.92%,-3.16%,89.13,86.52,28.73,115.25,-3.4%,67%,13%,18%,0.69,AA-,6.0%,120,29,中环转债
70,和而转债!,128068,和而泰,2402,电子,147.995,-2.67%,-0.91%,13.45,-3.58%,9.5,3.3%,113.3,9.09,6.34,147.96,0.0%,转股中,5.37年,3.37年,1.6%,2.4%,1.9,119,-4.94%,-5.35%,-9.64%,-9.81%,84.68,83.43,64.54,147.97,0.0%,41%,<2%,16%,1.0,AA-,6.0%,148,20,和而转债!
71,三星转债,113536,三星新材,603578,家电,115.63,-0.03%,-1.61%,22.18,-2.25%,14.0,6.2%,115.2,19.75,3.45,112.3,3.0%,转股中,5.36年,3.36年,9.7%,10.9%,1.9,20,-0.07%,-0.58%,-3.07%,-3.27%,87.49,89.17,35.41,124.58,-7.2%,48%,<2%,18%,0.73,AA,5.0%,119,40,三星转债
72,大业转债!,113535,大业股份,603278,汽车,101.87,-0.44%,0.16%,9.13,-1.08%,5.7,1.1%,113.5,12.56,1.66,72.69,40.1%,转股中,4.30年,2.30年,18.9%,13.7%,5.0,26,2.58%,2.00%,0.15%,-0.03%,90.75,92.32,6.53,98.84,3.1%,46%,25%,18%,0.26,AA,5.0%,131,32,大业转债!
73,一心转债,128067,一心堂,2727,医药,116.421,1.28%,-0.11%,23.9,2.27%,3.2,0.5%,113.2,27.28,3.11,87.61,32.9%,转股中,5.24年,3.24年,4.4%,3.9%,6.0,136,-0.54%,-1.00%,-3.37%,-3.57%,87.97,88.12,16.35,104.47,11.4%,37%,33%,16%,0.52,AA,5.0%,145,14,一心转债
74,亚泰转债!,128066,亚泰国际,2811,建筑,111.95299999999999,-0.84%,-0.57%,15.59,-1.95%,6.7,1.2%,118.0,14.8,1.93,105.34,6.3%,转股中,5.24年,3.24年,17.1%,18.0%,4.8,28,1.03%,0.42%,-2.08%,-2.32%,85.82,87.63,31.01,118.64,-5.6%,42%,7%,16%,0.72,AA-,6.0%,119,40,亚泰转债!
75,永鼎转债!,110058,永鼎股份,600105,通信互联网,104.9,-0.18%,-1.73%,4.31,-4.22%,14.0,1.4%,115.3,5.1,1.94,84.51,24.1%,转股中,5.23年,3.23年,18.3%,15.4%,9.8,54,1.86%,1.32%,-0.31%,-0.53%,88.11,89.8,14.63,104.43,0.5%,44%,16%,17%,0.45,AA,5.0%,125,52,永鼎转债!
76,雅化转债!,128065,雅化集团,2497,石油天然气化工,117.79,-1.43%,-2.56%,9.49,-5.48%,27.0,2.9%,111.3,8.96,3.31,105.92,11.2%,转股中,5.23年,3.23年,8.8%,9.3%,8.0,91,-1.10%,-1.49%,-3.69%,-3.89%,88.11,86.71,30.3,117.0,0.7%,51%,14%,16%,0.73,AA,5.0%,130,37,雅化转债!
77,创维转债!,127013,创维数字,810,电子,129.55,-0.78%,-1.80%,14.51,-3.14%,20.0,1.6%,118.3,11.49,4.48,126.28,2.6%,转股中,5.23年,3.23年,6.4%,8.0%,9.8,154,-1.75%,-2.35%,-6.38%,-6.57%,88.12,92.14,43.34,135.48,-4.4%,48%,<2%,16%,0.82,AA,5.0%,133,33,创维转债!
78,核能转债!,113026,中国核电,601985,能源电力,108.49,0.41%,-0.85%,4.94,-1.20%,22.0,0.3%,110.0,6.2,1.6,79.68,36.2%,转股中,5.23年,3.23年,10.1%,8.1%,78.0,769,0.27%,-0.09%,-1.39%,-1.58%,90.70,89.95,9.29,99.24,9.3%,18%,25%,15%,0.37,AAA,4.0%,137,35,核能转债!
79,明泰转债!,113025,明泰铝业,601677,有色金属,119.5,-0.17%,-1.42%,11.73,-2.33%,18.0,0.8%,115.5,11.3,1.03,103.81,15.1%,转股中,5.22年,3.22年,25.5%,26.4%,18.0,72,-0.66%,-1.19%,-4.11%,-4.32%,88.21,90.04,26.8,116.84,2.3%,28%,18%,16%,0.68,AA,5.0%,135,40,明泰转债!
80,鼎胜转债!,113534,鼎胜新材,603876,有色金属,115.5,-0.65%,-2.57%,15.68,-4.80%,24.0,1.7%,115.3,15.28,1.79,102.62,12.6%,转股中,5.21年,3.21年,17.6%,18.1%,12.0,68,-0.03%,-0.56%,-3.14%,-3.35%,88.19,89.89,25.88,115.77,-0.2%,53%,13%,16%,0.67,AA,5.0%,128,55,鼎胜转债!
81,核建转债!,113024,中国核建,601611,建筑,107.0,-0.14%,-0.22%,7.09,-1.39%,8.9,0.3%,109.9,9.87,1.95,71.83,49.0%,转股中,5.21年,3.21年,16.1%,11.6%,30.0,186,0.52%,0.17%,-1.02%,-1.21%,90.67,89.93,6.58,96.51,10.9%,31%,31%,16%,0.26,AAA,4.0%,142,35,核建转债!
82,司尔转债!,128064,司尔特,2538,石油天然气化工,102.1,-0.09%,-0.41%,4.71,-1.46%,2.8,0.3%,115.3,6.15,0.93,76.59,33.3%,转股中,5.21年,3.21年,23.7%,18.1%,8.0,34,2.41%,1.86%,0.50%,0.27%,88.20,89.9,9.5,99.4,2.7%,32%,21%,16%,0.35,AA,5.0%,128,49,司尔转债!
83,未来转债,128063,德尔未来,2631,其他,114.37,0.45%,1.31%,8.75,2.94%,6.7,0.9%,128.7,8.67,3.38,100.92,13.3%,转股中,5.20年,4.20年,10.8%,10.9%,6.3,59,2.36%,1.44%,-1.04%,-1.44%,85.33,95.91,24.27,120.18,-4.8%,48%,12%,16%,0.6,AA-,6.0%,128,37,未来转债
84,海环转债!,113532,海峡环保,603817,城市公用设施,106.99,-0.01%,-0.28%,6.66,-0.60%,2.3,0.5%,113.3,7.75,1.88,85.94,24.5%,转股中,5.19年,3.19年,15.3%,13.2%,4.6,30,1.13%,0.66%,-0.91%,-1.12%,88.27,88.42,15.93,104.36,2.5%,47%,21%,17%,0.49,AA,5.0%,128,28,海环转债!
85,亚药转债!,128062,亚太药业,2370,医药,90.421,1.80%,-1.48%,7.0,10.1%,162.0,18.7%,120.1,16.25,1.51,43.08,110%,转股中,5.19年,3.19年,25.7%,11.1%,9.7,38,5.73%,5.01%,4.17%,3.95%,81.45,83.1,0.88,83.97,7.7%,62%,41%,16%,0.03,A+,7.5%,138,100,亚药转债!
86,现代转债,110057,现代制药,600420,医药,119.08,4.75%,1.86%,10.29,10.1%,181.0,9.6%,111.0,9.99,1.49,103.0,15.6%,转股中,5.19年,3.19年,15.3%,15.8%,16.0,106,-1.37%,-1.75%,-4.12%,-4.31%,90.84,90.91,24.14,115.04,3.5%,48%,24%,16%,0.66,AAA,4.0%,135,24,现代转债
87,百姓转债,113531,老百姓,603883,医药,133.0,1.92%,-1.06%,72.5,1.06%,11.0,2.4%,112.6,60.09,6.28,120.65,10.2%,转股中,4.18年,2.18年,1.6%,1.9%,3.3,208,-3.94%,-4.45%,-10.8%,-10.9%,90.71,92.0,35.46,127.46,4.3%,36%,23%,16%,0.81,AA,5.0%,145,15,百姓转债
88,精测转债!,123025,精测电子,300567,电子,139.3,-1.90%,1.84%,64.53,-0.08%,65.0,12.3%,117.8,50.25,11.94,128.42,8.5%,转股中,5.18年,3.18年,2.4%,3.0%,3.8,158,-3.25%,-3.82%,-8.42%,-8.62%,85.91,87.72,50.41,138.13,0.8%,71%,24%,17%,0.85,AA-,6.0%,150,20,精测转债!
89,启明转债,128061,启明星辰,2439,通信互联网,142.7,-1.92%,-0.90%,38.6,-3.26%,33.0,2.2%,118.3,28.29,9.73,136.44,4.6%,转股中,5.18年,3.18年,3.0%,4.1%,10.0,346,-3.62%,-4.20%,-9.17%,-9.35%,88.34,92.37,52.03,144.41,-1.2%,40%,<2%,16%,0.87,AA,5.0%,149,17,启明转债
90,大丰转债!,113530,大丰实业,603081,建筑,110.35,-0.14%,-0.59%,14.07,-1.88%,3.0,0.4%,122.0,16.76,3.06,83.95,31.4%,转股中,5.18年,3.18年,11.1%,9.4%,6.3,57,2.00%,1.26%,-1.80%,-2.02%,88.44,95.28,11.49,106.76,3.4%,52%,21%,16%,0.38,AA,5.0%,137,34,大丰转债!
91,中装转债!!,128060,中装建设,2822,建筑,180.53,-3.61%,0.85%,11.24,-2.77%,12.0,18.7%,113.3,6.19,2.86,181.58,-0.6%,转股中,5.18年,3.18年,0.5%,0.8%,0.4,77,-8.76%,-9.15%,-14.9%,-15.1%,88.36,88.5,93.08,181.58,-0.6%,62%,62%,17%,1.0,AA,5.0%,179,28,中装转债!!
92,招路转债,127012,招商公路,1965,机场高速港口,115.2,-0.09%,-1.01%,8.39,-1.99%,18.0,0.3%,108.3,9.09,1.09,92.3,24.8%,转股中,5.16年,3.16年,9.6%,8.9%,50.0,518,-1.20%,-1.50%,-3.59%,-3.70%,89.62,88.66,16.32,104.98,9.7%,32%,28%,15%,0.55,AAA,4.0%,138,39,招路转债
93,岱勒转债!,123024,岱勒新材,300700,机械装备制造,102.475,-0.34%,-1.03%,19.45,-3.52%,2.0,0.9%,113.4,24.9,3.09,78.11,31.2%,转股中,4年59天,2年59天,13.1%,10.2%,2.1,16,2.50%,1.90%,-0.14%,-0.32%,86.42,84.3,13.53,97.82,4.8%,62%,24%,18%,0.39,A+,7.5%,127,29,岱勒转债!
94,迪森转债!,123023,迪森股份,300335,能源电力,103.17200000000001,-0.25%,-0.37%,5.76,-1.54%,2.8,0.5%,115.3,7.19,1.52,80.11,28.8%,转股中,5年58天,4年58天,28.7%,23.0%,6.0,21,2.22%,1.67%,0.56%,0.30%,85.85,90.13,12.65,102.78,0.4%,38%,19%,18%,0.4,AA,5.0%,126,41,迪森转债!
95,亨通转债!,110056,亨通光电,600487,通信互联网,125.16,-1.45%,0.03%,17.53,-1.96%,18.0,0.8%,115.1,15.68,2.55,111.8,12.0%,转股中,5年57天,3年57天,5.2%,5.8%,17.0,334,-1.64%,-2.15%,-5.58%,-5.77%,89.64,92.14,30.65,122.79,1.9%,45%,20%,16%,0.73,AA+,4.5%,139,37,亨通转债!
96,通威转债,110054,通威股份,600438,农业,129.26,0.60%,-0.17%,14.16,0.57%,50.0,0.8%,115.6,12.28,3.36,115.31,12.1%,转股中,5年56天,3年56天,9.1%,10.5%,50.0,550,-2.19%,-2.71%,-6.39%,-6.60%,90.13,92.64,33.51,126.14,2.5%,48%,21%,16%,0.75,AA+,4.5%,143,10,通威转债
97,长信转债!,123022,长信科技,300088,通信互联网,187.2,-1.99%,-0.34%,11.69,-2.42%,17.0,2.3%,115.3,6.25,5.05,187.04,0.1%,转股中,5年56天,3年56天,1.4%,2.6%,3.9,284,-9.13%,-9.58%,-15.9%,-16.0%,88.45,90.15,102.14,192.29,-2.6%,64%,<2%,16%,0.96,AA,5.0%,187,14,长信转债!
98,伊力转债,110055,伊力特,600197,食品饮料,113.2,-0.84%,-0.64%,15.63,-2.80%,8.9,0.9%,115.5,17.25,2.71,90.61,24.9%,转股中,5年53天,3年53天,12.9%,11.7%,8.8,68,0.40%,-0.14%,-2.56%,-2.78%,88.68,90.38,17.23,107.61,5.2%,42%,23%,16%,0.53,AA,5.0%,136,19,伊力转债
99,苏银转债,110053,江苏银行,600919,金融,117.1,-0.86%,0.46%,7.07,-0.84%,174.0,0.7%,119.3,7.56,0.75,93.52,25.2%,转股中,5年52天,无权,24.5%,22.9%,200.0,816,0.37%,-0.28%,无权,无权,无权,98.07,17.06,115.13,1.7%,19%,20%,18%,0.49,AAA,4.0%,141,48,苏银转债
100,浙商转债!,113022,浙商证券,601878,金融,117.85,-0.04%,-0.14%,11.04,-0.36%,22.0,0.5%,110.0,12.46,2.6,88.6,33.0%,转股中,5年50天,无权,9.5%,8.4%,35.0,368,-1.36%,-1.71%,无权,无权,无权,90.28,16.2,106.48,10.7%,47%,34%,18%,0.5,AAA,4.0%,147,27,浙商转债!
101,视源转债,128059,视源股份,2841,电子,127.3,-0.56%,-0.80%,84.2,-1.82%,6.3,0.5%,114.3,75.72,12.22,111.2,14.5%,转股中,5年49天,3年49天,1.7%,1.9%,9.4,552,-2.12%,-2.60%,-6.06%,-6.26%,88.53,89.46,32.62,122.08,4.3%,51%,23%,16%,0.75,AA,5.0%,143,12,视源转债
102,中鼎转2!,127011,中鼎股份,887,汽车,116.11,-0.43%,-0.63%,9.84,-2.57%,6.1,0.4%,115.7,11.79,1.4,83.46,39.1%,转股中,5年46天,3年46天,10.0%,8.3%,12.0,120,-0.07%,-0.61%,-3.32%,-3.54%,90.18,92.82,12.25,105.07,10.5%,35%,32%,17%,0.41,AA+,4.5%,149,16,中鼎转2!
103,拓邦转债,128058,拓邦股份,2139,电子,125.199,0.72%,-0.61%,6.27,0.16%,3.0,0.4%,123.0,5.54,2.72,113.18,10.6%,转股中,5年45天,3年45天,9.0%,10.2%,5.7,64,-0.35%,-1.11%,-5.30%,-5.56%,89.56,96.41,30.65,127.06,-1.5%,54%,14%,16%,0.7,AA,5.0%,137,19,拓邦转债
104,博彦转债,128057,博彦科技,2649,计算机及应用,127.985,-0.16%,-0.07%,11.22,-0.27%,9.0,1.2%,117.6,8.81,2.25,127.36,0.5%,转股中,5年43天,3年43天,9.7%,12.3%,5.7,59,-1.68%,-2.26%,-6.17%,-6.39%,86.21,87.9,48.51,136.42,-6.2%,75%,<2%,16%,0.86,AA-,6.0%,129,37,博彦转债
105,贵广转债,110052,贵广网络,600996,传媒娱乐,122.21,-0.64%,-2.13%,8.64,-4.21%,14.0,0.7%,119.0,8.04,2.01,107.46,13.7%,转股中,5年43天,3年43天,16.8%,18.1%,15.0,91,-0.53%,-1.17%,-4.76%,-4.99%,90.48,95.52,25.76,121.28,0.8%,41%,15%,16%,0.66,AA+,4.5%,137,17,贵广转债
106,万信转2!,123021,万达信息,300168,计算机及应用,130.0,-1.75%,-2.48%,16.05,-5.48%,20.0,2.3%,118.3,13.6,4.87,118.01,10.2%,转股中,5年42天,3年42天,3.6%,4.2%,6.5,183,-1.86%,-2.47%,-6.70%,-6.90%,88.62,92.66,35.99,128.65,1.1%,49%,15%,16%,0.77,AA,5.0%,142,22,万信转2!
107,中信转债,113021,中信银行,601998,金融,112.71,-0.30%,-0.28%,5.91,-1.66%,98.0,0.2%,119.1,7.22,0.67,81.86,37.7%,转股中,5年42天,无权,13.8%,11.3%,400.0,2892,1.12%,0.45%,无权,无权,无权,98.02,9.71,107.73,4.6%,22%,22%,17%,0.35,AAA,4.0%,144,44,中信转债
108,富祥转债,123020,富祥股份,300497,医药,136.3,3.51%,0.69%,20.38,4.78%,30.0,6.6%,121.1,14.93,4.35,136.5,-0.1%,转股中,5年38天,3年38天,6.0%,8.2%,3.4,56,-2.34%,-3.02%,-7.92%,-8.14%,86.57,90.62,54.84,145.46,-6.3%,56%,<2%,16%,0.88,AA-,6.0%,136,26,富祥转债
109,长城转债!,113528,长城科技,603897,机械装备制造,102.95,-0.34%,-0.35%,19.33,-1.63%,3.9,0.6%,118.1,24.03,1.95,80.44,28.0%,转股中,5年38天,3年38天,18.4%,14.8%,6.3,34,2.79%,2.14%,0.44%,0.18%,86.55,88.38,13.99,102.37,0.6%,46%,18%,17%,0.43,AA-,6.0%,125,33,长城转债!
110,今飞转债!,128056,今飞凯达,2863,汽车,102.12,-0.46%,-0.32%,5.53,-1.60%,3.8,1.0%,121.6,6.78,2.09,81.56,25.2%,转股中,5年37天,3年37天,17.7%,14.4%,3.7,21,3.57%,2.81%,0.80%,0.51%,83.03,84.92,18.19,103.11,-1.0%,64%,16%,17%,0.49,A+,7.5%,123,51,今飞转债!
111,中天转债!,110051,中天科技,600522,通信互联网,111.37,-0.56%,-0.22%,8.55,-1.84%,25.0,0.6%,114.3,10.19,1.31,83.91,32.7%,转股中,5年37天,3年37天,15.1%,12.7%,40.0,262,0.52%,0.01%,-2.15%,-2.37%,90.04,91.75,11.96,103.71,7.4%,34%,27%,16%,0.42,AA+,4.5%,139,30,中天转债!
112,长青转2,128055,长青股份,2391,石油天然气化工,121.59899999999999,-0.48%,-0.23%,8.5,-0.93%,0.8,0.1%,115.5,7.41,1.41,114.71,6.0%,转股中,5年36天,3年36天,19.9%,22.9%,9.1,46,-1.03%,-1.56%,-4.73%,-4.94%,88.87,90.58,34.83,125.41,-3.0%,41%,12%,16%,0.77,AA,5.0%,128,19,长青转2
113,中来转债!,123019,中来股份,300393,能源电力,127.2,0.57%,-0.24%,16.86,0.42%,10.0,0.9%,124.9,13.29,2.28,126.86,0.3%,转股中,5年34天,3年34天,15.8%,20.1%,9.6,61,-0.37%,-1.17%,-5.84%,-6.09%,86.92,93.52,46.22,139.74,-9.0%,50%,<2%,18%,0.79,AA-,6.0%,128,41,中来转债!
114,中宠转债!,128054,中宠股份,2891,农业,124.0,-1.98%,-4.92%,25.23,-8.22%,9.3,3.8%,115.6,22.28,5.15,113.24,9.5%,转股中,5年24天,3年24天,4.5%,5.1%,1.9,43,-1.40%,-1.94%,-5.37%,-5.58%,82.50,80.81,43.02,123.83,0.1%,58%,<2%,16%,0.84,A+,7.5%,135,18,中宠转债!
115,尚荣转债,128053,尚荣医疗,2551,医药,111.5,2.76%,1.94%,5.08,6.95%,90.0,10.9%,115.3,4.89,1.54,103.89,7.3%,转股中,5年23天,3年23天,20.9%,21.7%,7.5,36,0.68%,0.13%,-2.21%,-2.43%,88.83,90.54,26.23,116.77,-4.5%,41%,13%,16%,0.68,AA,5.0%,119,59,尚荣转债
116,维格转债!,113527,锦泓集团,603518,服装纺织,94.37,0.08%,-0.71%,7.18,-2.97%,17.0,2.4%,120.7,10.52,0.75,68.25,38.3%,转股中,5年2.1天,3年2.1天,41.2%,28.1%,7.5,18,5.16%,4.39%,3.16%,2.90%,89.30,95.07,5.69,100.76,-6.3%,41%,<2%,18%,0.21,AA,5.0%,120,74,维格转债!
117,联泰转债!,113526,联泰环保,603797,城市公用设施,136.33,-1.42%,-1.08%,11.68,-2.50%,2.3,0.8%,111.1,8.72,2.8,133.94,1.8%,转股中,5年1.1天,3年1.1天,5.6%,7.4%,2.1,37,-4.08%,-4.46%,-8.37%,-8.56%,88.90,87.48,46.47,133.94,1.8%,53%,53%,18%,1.0,AA,5.0%,139,11,联泰转债!
118,凯龙转债!,128052,凯龙股份,2783,石油天然气化工,178.998,-1.87%,-0.17%,12.01,-2.04%,4.3,7.2%,115.0,6.77,2.62,177.4,0.9%,转股中,4.92年,2.92年,0.7%,1.3%,0.3,45,-8.74%,-9.21%,-10.4%,-10.5%,89.18,90.9,86.5,177.4,0.9%,81%,81%,17%,1.0,AA,5.0%,181,12,凯龙转债!
119,溢利转债,123018,溢多利,300381,医药,124.01799999999999,1.24%,2.62%,10.04,4.69%,1.7,0.4%,114.9,8.35,1.89,120.24,3.1%,转股中,4.91年,2.91年,8.8%,10.6%,3.9,44,-1.57%,-2.10%,-5.78%,-5.97%,86.56,86.77,43.07,129.84,-4.5%,38%,14%,17%,0.82,AA-,6.0%,128,17,溢利转债
120,佳都转债!,110050,佳都科技,600728,计算机及应用,129.11,-1.35%,-1.99%,9.92,-3.97%,29.0,3.4%,113.9,7.89,3.49,125.73,2.7%,转股中,4.91年,2.91年,4.0%,5.0%,6.6,166,-2.56%,-3.05%,-7.02%,-7.21%,89.11,90.04,43.85,133.89,-3.6%,43%,<2%,16%,0.84,AA,5.0%,132,13,佳都转债!
121,台华转债!,113525,台华新材,603055,服装纺织,108.9,0.09%,0.03%,6.75,0.30%,0.5,0.1%,114.9,8.11,2.0,83.23,30.8%,转股中,4.90年,2.90年,10.2%,8.5%,5.3,52,1.12%,0.57%,-1.69%,-1.90%,89.13,90.85,12.82,103.68,5.0%,48%,25%,17%,0.43,AA,5.0%,135,11,台华转债!
122,奇精转债!,113524,奇精机械,603677,家电,105.97,-0.05%,-2.04%,12.27,-5.03%,5.3,1.5%,117.9,14.56,2.42,84.27,25.7%,转股中,4.90年,2.90年,13.9%,11.7%,3.3,24,2.24%,1.58%,-0.81%,-1.02%,89.17,93.25,13.24,106.49,-0.5%,55%,15%,18%,0.41,AA,5.0%,128,44,奇精转债!
123,光华转债!,128051,光华科技,2741,电子,116.10700000000001,-0.71%,-2.07%,13.24,-3.92%,5.5,1.9%,115.5,12.72,4.1,104.09,11.5%,转股中,4.90年,2.90年,5.0%,5.3%,2.5,50,-0.11%,-0.67%,-3.61%,-3.84%,87.01,87.36,30.09,117.44,-1.1%,38%,13%,17%,0.71,AA-,6.0%,128,19,光华转债!
124,钧达转债!,128050,钧达股份,2865,汽车,101.54299999999999,-0.28%,-0.38%,15.53,-2.63%,2.2,0.7%,123.5,21.66,2.29,71.7,41.6%,转股中,4.89年,2.89年,17.0%,12.2%,3.2,19,4.17%,3.32%,0.74%,0.49%,87.09,93.45,7.97,101.42,0.1%,61%,19%,18%,0.25,AA-,6.0%,131,48,钧达转债!
125,伟明转债!!,113523,伟明环保,603568,城市公用设施,151.84,-0.18%,-0.72%,26.44,-0.90%,13.0,6.9%,114.9,17.47,6.72,151.35,0.3%,转股中,4.89年,2.89年,0.5%,0.7%,1.3,252,-5.64%,-6.13%,-11.7%,-11.9%,89.21,90.94,60.41,151.34,0.3%,40%,<2%,16%,1.0,AA,5.0%,152,15,伟明转债!!
126,福能转债,110048,福能股份,600483,能源电力,121.0,0.00%,-0.44%,8.64,-0.69%,8.0,0.2%,113.9,8.48,1.13,101.89,18.8%,转股中,4.88年,2.88年,21.1%,21.5%,28.0,134,-1.25%,-1.76%,-5.07%,-5.27%,90.54,92.27,22.64,114.91,5.3%,28%,24%,16%,0.64,AA+,4.5%,140,8,福能转债
127,华源转债!,128049,华源控股,2787,造纸包装印刷,110.56,-0.40%,-0.22%,7.76,-0.89%,3.8,0.8%,115.2,7.52,1.71,103.19,7.1%,转股中,4.85年,2.85年,16.6%,17.1%,4.0,24,0.87%,0.30%,-2.17%,-2.39%,87.00,87.34,29.91,117.26,-5.7%,65%,10%,18%,0.69,AA-,6.0%,118,43,华源转债!
128,旭升转债!,113522,旭升股份,603305,汽车,174.36,-1.23%,-0.06%,52.03,-1.36%,189.0,84.5%,119.9,29.6,14.44,175.78,-0.8%,转股中,4.84年,2.84年,0.6%,1.1%,1.3,208,-7.56%,-8.19%,-10.4%,-10.5%,89.43,95.11,85.99,181.09,-3.7%,59%,<2%,16%,0.95,AA,5.0%,173,18,旭升转债!
129,山鹰转债,110047,山鹰纸业,600567,造纸包装印刷,120.7,-0.10%,-1.44%,3.47,-2.53%,17.0,0.6%,118.1,3.34,1.15,103.89,16.2%,转股中,4.83年,2.83年,14.5%,15.0%,23.0,159,-0.46%,-1.10%,-5.06%,-5.26%,90.75,95.85,22.86,118.71,1.7%,29%,18%,17%,0.61,AA+,4.5%,138,36,山鹰转债
130,寒锐转债!!,123017,寒锐钴业,300618,有色金属,142.55,-2.83%,-0.09%,81.88,-2.92%,25.0,4.2%,110.8,57.49,13.7,142.42,0.1%,转股中,4.83年,2.83年,1.8%,2.6%,4.0,220,-5.17%,-5.54%,-10.1%,-10.3%,86.88,84.07,58.35,142.43,0.1%,74%,<2%,16%,1.0,AA-,6.0%,143,17,寒锐转债!!
131,圆通转债,110046,圆通速递,600233,交通运输,132.7,0.99%,0.29%,14.2,1.50%,99.0,2.1%,115.1,10.73,3.37,132.34,0.3%,转股中,4.83年,2.83年,8.8%,11.6%,35.0,404,-2.96%,-3.49%,-8.00%,-8.20%,90.92,93.46,46.62,140.08,-5.3%,36%,<2%,16%,0.85,AA+,4.5%,133,20,圆通转债
132,桐昆转债!,113020,桐昆股份,601233,服装纺织,128.96,-0.72%,-0.64%,15.09,-1.69%,26.0,0.6%,112.8,12.51,1.56,120.62,6.9%,转股中,4.83年,2.83年,12.5%,15.0%,35.0,279,-2.78%,-3.24%,-7.19%,-7.38%,90.64,91.56,37.66,129.23,-0.2%,49%,16%,16%,0.8,AA+,4.5%,137,15,桐昆转债!
133,特发转债!,127008,特发信息,70,通信互联网,195.6,-2.20%,-1.12%,10.78,-3.32%,6.3,4.7%,111.1,5.61,3.29,192.16,1.8%,转股中,3.82年,1.82年,0.8%,1.5%,0.7,88,-13.9%,-14.3%,-21.6%,-21.6%,92.48,92.44,99.72,192.16,1.8%,65%,65%,17%,1.0,AA,5.0%,199,12,特发转债!
134,科森转债!,113521,科森科技,603626,通信互联网,136.0,-1.31%,-0.25%,11.8,-1.83%,19.0,4.0%,115.2,8.7,3.05,135.63,0.3%,转股中,4.82年,2.82年,7.1%,9.6%,3.5,50,-3.45%,-3.98%,-8.80%,-9.00%,89.63,91.49,52.65,144.15,-5.7%,59%,<2%,18%,0.85,AA,5.0%,136,42,科森转债!
135,张行转债,128048,张家港行,2839,金融,115.92,-0.07%,-1.42%,5.55,-2.80%,14.0,0.5%,113.9,5.91,1.02,93.91,23.4%,转股中,4.81年,无权,24.9%,23.4%,25.0,100,-0.37%,-0.89%,无权,无权,无权,92.55,18.53,111.08,4.4%,50%,23%,18%,0.53,AA+,4.5%,138,21,张行转债
136,百合转债,113520,梦百合,603313,其他,171.21,-3.54%,0.33%,24.55,-3.35%,6.7,2.5%,115.2,14.28,3.95,171.92,-0.4%,转股中,4.80年,2.80年,1.9%,3.2%,1.5,82,-8.06%,-8.55%,-10.2%,-10.4%,87.26,87.61,89.75,177.36,-3.5%,40%,<2%,16%,0.96,AA-,6.0%,171,9,百合转债
137,洲明转债!,123016,洲明科技,300232,电子,154.999,0.86%,-0.18%,11.92,0.68%,4.8,0.7%,115.3,7.82,4.11,152.43,1.7%,转股中,4.79年,2.79年,4.0%,6.1%,4.4,110,-6.10%,-6.61%,-12.6%,-12.8%,87.52,87.74,64.69,152.43,1.7%,45%,89%,16%,1.0,AA-,6.0%,158,12,洲明转债!
138,长久转债,113519,长久物流,603569,交通运输,113.55,-0.33%,-0.40%,10.48,-1.69%,2.9,0.4%,120.1,11.85,2.44,88.44,28.4%,转股中,4.79年,2.79年,11.9%,10.5%,7.0,59,1.20%,0.47%,-3.08%,-3.30%,89.80,95.49,13.82,109.31,3.9%,45%,23%,17%,0.44,AA,5.0%,139,14,长久转债
139,利尔转债!,128046,利尔化学,2258,石油天然气化工,113.934,0.06%,-0.60%,13.96,-1.76%,3.7,0.4%,112.9,18.62,2.38,74.97,52.0%,转股中,4.74年,2.74年,11.6%,8.7%,8.5,73,-0.20%,-0.69%,-3.31%,-3.53%,89.86,90.01,7.88,97.89,16.4%,40%,40%,16%,0.31,AA,5.0%,153,9,利尔转债!
140,顾家转债,113518,顾家家居,603816,其他,133.2,-1.33%,-1.29%,47.15,-3.08%,3.6,0.2%,114.9,36.57,5.56,128.93,3.3%,转股中,4.64年,2.64年,3.9%,5.0%,11.0,284,-3.19%,-3.73%,-8.70%,-8.90%,90.28,92.03,44.81,136.84,-2.7%,42%,<2%,16%,0.85,AA,5.0%,137,11,顾家转债
141,机电转债!,128045,中航机电,2013,航空航天,118.978,-0.75%,-0.14%,7.17,-1.65%,4.3,0.2%,109.8,7.63,2.79,93.97,26.6%,转股中,4.60年,2.60年,8.1%,7.6%,21.0,259,-1.76%,-2.15%,-5.02%,-5.24%,92.78,92.01,16.35,108.37,9.8%,46%,31%,16%,0.54,AAA,4.0%,144,9,机电转债!
142,岭南转债!,128044,岭南股份,2717,城市公用设施,117.52,-0.33%,0.56%,6.53,0.31%,14.0,1.8%,111.8,5.92,2.17,110.3,6.5%,转股中,4.56年,2.56年,6.6%,7.2%,6.6,100,-1.11%,-1.57%,-4.66%,-4.87%,90.54,89.89,30.53,120.42,-2.4%,64%,14%,16%,0.75,AA,5.0%,125,37,岭南转债!
143,蓝盾转债!!,123015,蓝盾股份,300297,计算机及应用,116.4,-1.07%,-0.57%,6.01,-2.28%,1.1,1.0%,112.9,5.79,1.52,103.8,12.1%,转股中,4.56年,2.56年,1.3%,1.4%,1.0,75,-0.68%,-1.19%,-4.29%,-4.52%,90.64,90.8,13.63,104.43,11.5%,41%,>100%,16%,0.72,AA,5.0%,129,16,蓝盾转债!!
144,曙光转债!,113517,中科曙光,603019,计算机及应用,129.73,-0.23%,-2.07%,42.09,-2.95%,2.1,0.1%,112.9,36.53,9.9,115.22,12.6%,转股中,4.54年,2.54年,2.9%,3.4%,11.0,379,-3.07%,-3.56%,-8.11%,-8.32%,90.73,90.88,33.88,124.77,4.0%,54%,21%,16%,0.78,AA,5.0%,144,9,曙光转债!
145,东音转债!!,128043,东音股份,2793,机械装备制造,223.00099999999998,2.06%,-0.12%,14.7,1.94%,65.0,21.9%,115.1,6.55,5.5,224.43,-0.6%,转股中,4.53年,2.53年,2.5%,5.6%,1.3,53,-13.8%,-14.3%,-16.2%,-16.3%,88.54,88.89,135.54,224.43,-0.6%,72%,<2%,17%,1.0,AA-,6.0%,222,9,东音转债!!
146,苏农转债,113516,苏农银行,603323,金融,112.45,-0.03%,-0.51%,5.09,-1.17%,2.0,0.1%,115.1,5.67,0.82,89.77,25.3%,转股中,4.53年,无权,14.0%,12.6%,13.0,92,0.53%,-0.07%,无权,无权,无权,94.71,14.6,109.31,2.9%,42%,23%,18%,0.46,AA+,4.5%,135,22,苏农转债
147,凯发转债!,123014,凯发电气,300407,能源电力,115.773,0.23%,-0.82%,8.42,-0.82%,2.3,1.7%,109.1,8.14,2.03,103.44,11.9%,转股中,3.51年,1.51年,4.5%,4.7%,1.2,26,-1.70%,-2.17%,-7.38%,-7.58%,90.26,84.95,28.92,113.86,1.7%,49%,21%,18%,0.72,A+,7.5%,128,15,凯发转债!
148,凯中转债!,128042,凯中精密,2823,能源电力,112.82,1.64%,-0.21%,11.89,2.94%,17.0,3.7%,116.9,13.01,2.88,91.39,23.4%,转股中,4.52年,2.52年,12.1%,11.0%,4.2,34,0.80%,0.14%,-3.22%,-3.46%,90.81,94.17,15.43,109.61,2.9%,58%,22%,17%,0.49,AA,5.0%,134,28,凯中转债!
149,横河转债!,123013,横河模具,300539,机械装备制造,104.0,-0.48%,-0.39%,7.28,-2.02%,0.5,1.3%,116.0,9.22,3.34,78.96,31.7%,转股中,4.51年,2.51年,2.4%,1.9%,0.4,16,2.51%,1.85%,0.06%,-0.24%,86.05,84.43,15.0,99.42,4.6%,69%,24%,17%,0.43,A+,7.5%,129,17,横河转债!
150,高能转债,113515,高能环境,603588,城市公用设施,125.59,0.23%,-0.66%,10.6,-0.56%,2.4,0.3%,112.9,9.33,2.44,113.61,10.5%,转股中,4.51年,2.51年,9.9%,11.3%,7.1,71,-2.38%,-2.88%,-7.07%,-7.29%,90.86,91.02,32.45,123.47,1.7%,51%,19%,16%,0.77,AA,5.0%,138,12,高能转债
151,万顺转债,123012,万顺新材,300057,造纸包装印刷,120.712,-0.13%,-0.12%,6.03,-0.33%,2.0,1.2%,110.9,5.36,1.22,112.5,7.3%,转股中,4.49年,2.49年,3.3%,3.7%,1.3,41,-1.91%,-2.34%,-5.71%,-5.93%,88.70,85.83,37.29,123.12,-2.0%,38%,16%,18%,0.77,AA-,6.0%,129,14,万顺转债
152,威帝转债,113514,威帝股份,603023,汽车,109.8,-0.38%,-1.44%,4.71,-2.89%,1.1,1.0%,111.1,4.85,3.18,97.11,13.1%,转股中,3.49年,1.49年,4.5%,4.4%,1.0,21,0.34%,-0.24%,-4.45%,-4.65%,90.39,86.62,23.12,109.74,0.1%,42%,17%,18%,0.63,A+,7.5%,122,31,威帝转债
153,德尔转债!,123011,德尔股份,300473,汽车,120.5,-0.28%,-0.41%,41.64,-0.86%,2.5,0.8%,117.1,34.66,2.28,120.14,0.3%,转股中,4.49年,2.49年,5.3%,6.4%,2.5,47,-0.65%,-1.31%,-5.59%,-5.83%,88.92,90.67,39.74,130.42,-7.6%,35%,<2%,17%,0.8,AA-,6.0%,121,34,德尔转债!
154,盛路转债!!,128041,盛路通信,2446,通信互联网,136.762,-0.54%,0.11%,9.34,-0.43%,1.1,1.5%,115.0,6.85,2.28,136.35,0.3%,转股中,4.49年,2.49年,0.6%,0.9%,0.5,84,-3.86%,-4.42%,-10.1%,-10.2%,91.07,92.83,43.52,136.35,0.3%,54%,54%,16%,1.0,AA,5.0%,137,8,盛路转债!!
155,海澜转债!,110045,海澜之家,600398,服装纺织,104.35,-0.63%,0.38%,7.69,-1.79%,10.0,0.3%,111.6,12.02,2.69,63.98,63.1%,转股中,4.47年,2.47年,8.7%,5.6%,29.0,340,1.54%,1.05%,-0.67%,-0.86%,91.36,91.94,2.71,94.64,10.3%,30%,34%,16%,0.14,AA+,4.5%,145,39,海澜转债!
156,博世转债!,123010,博世科,300422,城市公用设施,110.3,-0.92%,-0.59%,11.4,-2.65%,3.2,0.7%,112.9,12.38,2.5,92.08,19.8%,转股中,4.45年,2.45年,10.6%,9.8%,4.3,41,0.54%,0.00%,-2.46%,-2.70%,88.91,87.58,20.09,107.67,2.4%,66%,21%,17%,0.57,AA-,6.0%,129,32,博世转债!
157,湖广转债!,127007,湖北广电,665,传媒娱乐,115.12,-0.03%,-1.84%,5.32,-3.45%,16.0,1.1%,113.1,5.61,0.79,94.83,21.4%,转股中,4.43年,2.43年,25.7%,24.4%,13.0,51,-0.41%,-0.94%,-4.02%,-4.27%,92.53,93.46,17.39,110.85,3.8%,39%,21%,17%,0.54,AA+,4.5%,135,16,湖广转债!
158,广电转债!,110044,广电网络,600831,传媒娱乐,146.58,-0.87%,-2.05%,9.8,-3.26%,8.6,7.5%,112.9,6.9,1.81,142.03,3.2%,转股中,4.43年,2.43年,1.1%,1.6%,0.8,69,-5.83%,-6.30%,-12.6%,-12.8%,91.22,91.37,57.42,148.79,-1.5%,47%,<2%,17%,0.9,AA,5.0%,151,6,广电转债!
159,千禾转债!,113511,千禾味业,603027,食品饮料,124.4,-0.49%,-0.98%,21.25,-1.80%,8.8,3.8%,112.8,18.31,6.69,116.06,7.2%,转股中,4.41年,2.41年,1.9%,2.2%,1.9,99,-2.24%,-2.74%,-7.02%,-7.24%,89.02,87.7,37.46,125.16,-0.6%,59%,15%,16%,0.81,AA-,6.0%,133,21,千禾转债!
160,再升转债!,113510,再升科技,603601,城市公用设施,116.5,-2.10%,0.68%,8.97,-2.07%,5.6,4.2%,112.9,8.59,4.63,104.42,11.6%,转股中,4.41年,0.41年,1.8%,1.9%,1.1,63,-0.72%,-1.25%,-24.7%,-24.9%,97.45,87.81,28.73,116.54,-0.0%,43%,20%,17%,0.68,AA-,6.0%,129,19,再升转债!
161,华通转债!,128040,华通医药,2758,医药,112.22200000000001,0.76%,1.71%,11.16,3.91%,8.5,3.4%,112.9,11.37,3.72,98.15,14.3%,转股中,4.39年,2.39年,9.5%,9.3%,2.2,23,0.14%,-0.39%,-3.18%,-3.42%,89.21,87.88,24.71,112.59,-0.3%,50%,21%,18%,0.63,AA-,6.0%,126,37,华通转债!
162,三力转债!,128039,三 力 士,2224,机械装备制造,122.18,1.16%,-0.56%,7.14,0.71%,25.0,7.8%,110.3,5.83,2.35,122.47,-0.2%,转股中,4.38年,2.38年,5.0%,6.1%,2.6,51,-2.35%,-2.77%,-6.53%,-6.74%,88.98,85.89,44.47,130.36,-6.3%,39%,<2%,17%,0.85,AA-,6.0%,122,18,三力转债!
163,新泉转债!,113509,新泉股份,603179,汽车,124.98,-0.30%,0.72%,21.12,0.57%,4.1,0.7%,110.8,18.89,3.17,111.81,11.8%,转股中,4.37年,2.37年,9.4%,10.5%,4.5,48,-2.77%,-3.21%,-7.31%,-7.53%,91.40,89.94,32.11,122.04,2.4%,52%,24%,17%,0.75,AA,5.0%,138,13,新泉转债!
164,新凤转债!,113508,新凤鸣,603225,服装纺织,107.9,-1.01%,0.51%,12.38,-1.59%,13.0,0.6%,112.8,15.91,1.67,77.81,38.7%,转股中,4.26年,2.26年,12.4%,9.7%,21.0,173,1.07%,0.51%,-1.80%,-2.05%,91.88,92.03,7.87,99.9,8.0%,49%,30%,16%,0.32,AA,5.0%,138,17,新凤转债!
165,金农转债!!,128036,金新农,2548,农业,109.015,-1.09%,1.00%,8.68,-2.80%,1.1,0.7%,110.9,9.62,2.24,90.23,20.8%,转股中,4年47天,2年47天,3.9%,3.5%,1.5,38,0.43%,-0.07%,-2.30%,-2.58%,90.60,87.68,12.47,100.15,8.9%,42%,>100%,17%,0.03,AA-,6.0%,128,13,金农转债!!
166,利欧转债!!,128038,利欧股份,2131,传媒娱乐,183.9,0.33%,-0.64%,3.16,-0.32%,30.0,15.0%,113.8,1.72,2.6,183.72,0.1%,转股中,4.16年,2.16年,0.5%,0.9%,1.1,211,-11.1%,-11.6%,-16.0%,-16.2%,92.31,93.28,90.44,183.72,0.1%,81%,<2%,16%,1.0,AA,5.0%,184,18,利欧转债!!
167,岩土转债!,128037,中化岩土,2542,建筑,99.98200000000001,0.07%,-0.08%,3.73,-0.80%,3.4,0.6%,112.8,8.01,1.74,46.57,115%,转股中,4年53天,2年53天,8.9%,4.1%,6.0,67,3.02%,2.43%,1.44%,1.15%,92.39,92.55,0.67,93.22,7.3%,44%,44%,16%,0.01,AA,5.0%,153,48,岩土转债!
168,敖东转债!,127006,吉林敖东,623,金融,109.947,-1.26%,1.17%,17.09,-0.23%,26.0,1.0%,108.4,20.62,0.92,82.88,32.7%,转股中,4年51天,2年51天,12.1%,10.0%,24.0,199,-0.35%,-0.73%,-3.20%,-3.36%,92.28,90.59,10.05,100.64,9.2%,29%,30%,16%,0.38,AA+,4.5%,137,28,敖东转债!
169,长证转债!,127005,长江证券,783,金融,122.88,-0.90%,-0.60%,7.14,-2.72%,32.0,0.5%,109.7,7.43,1.47,96.1,27.9%,转股中,4年50天,无权,12.7%,12.2%,50.0,395,-2.76%,-3.17%,无权,无权,无权,93.59,17.66,111.25,10.5%,32%,32%,18%,0.55,AAA,4.0%,150,19,长证转债!
170,星源转债!,123009,星源材质,300568,汽车,131.45,-1.17%,-2.16%,33.5,-3.96%,14.0,2.3%,110.3,26.64,3.17,125.75,4.5%,转股中,4年45天,2年45天,5.8%,7.3%,4.5,78,-4.24%,-4.67%,-10.1%,-10.4%,92.27,90.57,42.66,133.24,-1.3%,57%,<2%,17%,0.84,AA,5.0%,137,11,星源转债!
171,杭电转债!,113505,杭电股份,603618,能源电力,103.77,-0.08%,-0.31%,5.42,-1.45%,2.1,0.3%,112.8,7.24,1.52,74.86,38.6%,转股中,4年44天,2年44天,20.0%,15.0%,7.5,37,2.09%,1.50%,-0.20%,-0.48%,92.50,92.66,6.12,98.78,5.0%,40%,25%,16%,0.26,AA,5.0%,133,36,杭电转债!
172,艾华转债!,113504,艾华集团,603989,电子,131.48,-0.48%,0.51%,27.46,0.04%,14.0,1.6%,110.8,21.43,5.37,128.14,2.6%,转股中,4年40天,2年40天,6.5%,8.3%,6.9,107,-4.16%,-4.61%,-10.1%,-10.3%,92.55,91.07,44.16,135.23,-2.8%,38%,<2%,16%,0.86,AA,5.0%,135,11,艾华转债!
173,玲珑转债!,113019,玲珑轮胎,601966,汽车,131.39,-1.23%,-1.14%,22.88,-2.97%,14.0,0.5%,113.0,18.55,2.66,123.34,6.5%,转股中,3年38天,1年38天,7.3%,9.0%,20.0,275,-4.80%,-5.51%,-17.2%,-17.4%,96.23,98.76,31.14,129.9,1.1%,29%,18%,16%,0.8,AA+,4.5%,139,10,玲珑转债!
174,大族转债!,128035,大族激光,2008,机械装备制造,119.8,-0.17%,-0.47%,43.91,-1.83%,18.0,0.6%,108.4,52.3,5.73,83.96,42.7%,转股中,4年15天,2年15天,4.9%,4.1%,23.0,469,-2.48%,-2.85%,-5.91%,-6.30%,95.15,90.98,10.94,101.92,17.5%,43%,43%,16%,0.35,AA+,4.5%,156,20,大族转债!
175,无锡转债!,110043,无锡银行,600908,金融,107.72,-0.26%,-0.02%,5.36,-0.74%,12.0,0.4%,109.6,6.52,0.93,82.21,31.0%,转股中,4年8天,无权,30.3%,24.9%,30.0,99,0.44%,-0.01%,无权,无权,无权,92.11,10.16,102.27,5.3%,39%,27%,18%,0.38,AA+,4.5%,133,41,无锡转债!
176,江银转债!,128034,江阴银行,2807,金融,112.72,-0.19%,-0.43%,4.51,-1.10%,6.7,0.3%,109.6,4.68,0.89,96.37,17.0%,转股中,4年4.1天,无权,17.9%,17.3%,18.0,98,-0.71%,-1.15%,无权,无权,无权,92.15,18.3,110.45,2.1%,43%,22%,18%,0.57,AA+,4.5%,129,33,江银转债!
177,道氏转债!!,123007,道氏技术,300409,建筑,120.6,-1.79%,-2.11%,14.99,-5.96%,16.0,4.2%,111.3,15.05,2.94,99.6,21.1%,转股中,3.93年,1.93年,4.4%,4.4%,3.0,69,-2.05%,-2.56%,-7.35%,-7.58%,91.06,88.88,22.6,111.48,8.2%,62%,27%,16%,0.65,AA-,6.0%,142,15,道氏转债!!
178,迪龙转债!,128033,雪迪龙,2658,城市公用设施,104.779,0.18%,-0.41%,7.07,-0.70%,2.1,0.4%,109.8,8.93,2.16,79.17,32.3%,转股中,3.93年,1.93年,12.2%,9.6%,5.2,43,1.22%,0.75%,-1.03%,-1.26%,92.63,90.94,8.87,99.81,5.0%,38%,26%,17%,0.32,AA,5.0%,130,35,迪龙转债!
179,吉视转债!,113017,吉视传媒,601929,传媒娱乐,103.41,-0.01%,-0.38%,2.17,-1.81%,10.0,0.6%,109.8,2.95,1.01,73.56,40.6%,转股中,3.93年,1.93年,23.1%,17.0%,16.0,68,1.56%,1.09%,-0.40%,-0.64%,93.56,92.63,5.08,97.71,5.8%,29%,27%,16%,0.22,AA+,4.5%,133,39,吉视转债!
180,航电转债,110042,中航电子,600372,航空航天,122.87,0.26%,-1.26%,14.87,-1.52%,8.5,0.3%,109.3,14.18,3.58,104.87,17.2%,转股中,3.93年,1.93年,9.2%,9.6%,24.0,262,-2.99%,-3.41%,-8.22%,-8.45%,94.75,93.97,21.49,115.46,6.4%,35%,26%,16%,0.66,AAA,4.0%,141,9,航电转债
181,蒙电转债!,110041,内蒙华电,600863,能源电力,116.35,-0.13%,-0.24%,2.61,-0.76%,3.9,0.2%,110.3,2.82,1.31,92.55,25.7%,转股中,3.92年,1.92年,12.3%,11.4%,19.0,152,-1.38%,-1.85%,-5.80%,-6.04%,94.78,94.86,12.9,107.77,8.0%,24%,26%,16%,0.49,AAA,4.0%,140,7,蒙电转债!
182,双环转债!,128032,双环传动,2472,机械装备制造,101.969,0.89%,-0.92%,5.65,-0.70%,0.9,0.1%,110.3,9.93,1.13,56.9,79.2%,转股中,3.93年,1.93年,25.8%,14.7%,10.0,39,2.06%,1.56%,0.39%,0.13%,92.89,91.4,2.43,93.83,8.7%,34%,35%,16%,0.04,AA,5.0%,147,31,双环转债!
183,天康转债!!,128030,天康生物,2100,农业,166.49599999999998,2.14%,-3.61%,12.03,-1.47%,2.5,1.0%,112.3,8.05,3.22,149.44,11.4%,转股中,3.92年,1.92年,1.2%,1.8%,1.5,128,-9.71%,-10.2%,-16.1%,-16.3%,92.92,93.09,56.35,149.44,11.4%,41%,>100%,16%,1.0,AA,5.0%,184,8,天康转债!!
184,太阳转债!,128029,太阳纸业,2078,造纸包装印刷,129.306,0.17%,-0.55%,9.82,-0.51%,4.5,0.3%,107.8,8.65,1.86,113.53,13.9%,转股中,2.92年,0.92年,4.7%,5.3%,12.0,255,-6.09%,-6.55%,-20.0%,-20.2%,96.27,94.91,24.75,119.66,8.1%,37%,32%,16%,0.76,AA+,4.5%,145,8,太阳转债!
185,赣锋转债!,128028,赣锋锂业,2460,有色金属,124.5,-0.16%,-1.60%,41.3,-2.96%,19.0,1.6%,109.3,42.28,6.75,97.68,27.5%,转股中,3.92年,1.92年,1.7%,1.7%,9.3,534,-3.31%,-3.73%,-9.15%,-9.32%,92.24,90.54,19.49,110.03,13.1%,56%,36%,17%,0.59,AA,5.0%,151,13,赣锋转债!
186,铁汉转债!,123004,铁汉生态,300197,城市公用设施,104.17,0.35%,-0.66%,3.02,-1.31%,1.3,0.2%,109.8,3.98,1.1,75.88,37.3%,转股中,3.91年,1.91年,11.8%,8.9%,8.3,71,1.38%,0.90%,-0.76%,-1.00%,92.74,91.05,6.13,97.17,7.2%,56%,27%,15%,0.24,AA,5.0%,132,29,铁汉转债!
187,泰晶转债!,113503,泰晶科技,603738,电子,154.1,-3.15%,-0.67%,27.56,-4.07%,112.0,141%,112.3,17.9,6.36,153.97,0.1%,转股中,3.90年,1.90年,1.1%,1.7%,0.5,46,-7.92%,-8.43%,-14.1%,-14.3%,93.01,93.18,65.73,158.91,-3.0%,64%,<2%,16%,0.94,AA,5.0%,154,22,泰晶转债!
188,众兴转债!,128026,众兴菌业,2772,农业,95.95,0.09%,-0.15%,7.1,-0.98%,6.8,0.8%,110.3,11.54,1.08,61.53,56.0%,转股中,3.89年,1.89年,35.2%,21.7%,9.2,26,3.72%,3.19%,3.43%,3.15%,91.25,88.3,4.12,92.42,3.8%,34%,26%,16%,0.06,AA-,6.0%,130,50,众兴转债!
189,蓝思转债!!,123003,蓝思科技,300433,电子,192.5,0.68%,3.18%,20.17,3.86%,270.0,18.2%,109.8,10.44,4.63,193.2,-0.4%,转股中,3.88年,1.88年,0.9%,1.7%,7.7,857,-13.7%,-14.0%,-20.3%,-20.4%,93.77,92.84,100.36,193.2,-0.4%,57%,>100%,16%,1.0,AA+,4.5%,192,19,蓝思转债!!
190,特一转债!,128025,特一药业,2728,医药,120.088,1.87%,0.67%,18.61,3.05%,56.0,15.4%,109.8,15.45,3.55,120.45,-0.3%,转股中,3.87年,1.87年,8.0%,9.7%,3.0,38,-2.32%,-2.77%,-7.49%,-7.71%,91.13,87.96,40.04,128.0,-6.2%,34%,<2%,17%,0.84,AA-,6.0%,120,31,特一转债!
191,亚太转债!,128023,亚太股份,2284,汽车,97.78,0.54%,-0.62%,5.13,-3.02%,5.3,0.5%,112.3,10.34,1.5,49.61,97.1%,转股中,3.87年,1.87年,26.4%,13.1%,10.0,38,3.71%,3.10%,2.51%,2.23%,93.15,93.32,0.59,93.91,4.1%,39%,34%,17%,0.02,AA,5.0%,146,57,亚太转债!
192,众信转债!,128022,众信旅游,2707,旅游餐饮酒店,106.97,-0.94%,-0.07%,6.05,-3.66%,6.9,0.9%,109.8,7.91,2.32,76.49,39.9%,转股中,3.86年,1.86年,13.2%,10.1%,7.0,53,0.69%,0.21%,-2.07%,-2.31%,92.96,91.25,7.53,98.78,8.3%,41%,31%,17%,0.28,AA,5.0%,137,16,众信转债!
193,兄弟转债!,128021,兄弟科技,2562,医药,113.98299999999999,0.89%,0.63%,4.99,2.67%,10.0,1.8%,109.8,5.25,2.07,95.05,19.9%,转股中,3.85年,1.85年,11.2%,10.7%,5.1,45,-0.98%,-1.45%,-5.13%,-5.36%,92.99,91.29,16.8,108.09,5.4%,53%,27%,16%,0.57,AA,5.0%,133,12,兄弟转债!
194,国祯转债!,123002,国祯环保,300388,城市公用设施,138.75,1.56%,-0.61%,11.42,1.06%,17.0,2.5%,109.8,8.6,2.32,132.79,4.5%,转股中,3.84年,1.84年,6.5%,8.6%,4.9,77,-6.00%,-6.43%,-11.4%,-11.6%,93.04,91.34,47.13,138.47,0.2%,49%,17%,16%,0.89,AA,5.0%,145,8,国祯转债!
195,水晶转债!!,128020,水晶光电,2273,电子,143.86,0.22%,-0.22%,17.64,0.00%,66.0,9.8%,111.1,12.23,4.97,144.24,-0.3%,转股中,3.82年,1.82年,2.3%,3.3%,4.7,204,-6.62%,-7.10%,-12.9%,-13.0%,92.63,92.44,51.79,144.24,-0.3%,51%,<2%,16%,1.0,AA,5.0%,143,11,水晶转债!!
196,济川转债!,110038,济川药业,600566,医药,113.7,2.43%,-1.73%,26.71,7.36%,24.0,3.4%,108.3,38.81,3.82,68.82,65.2%,转股中,2.81年,0.81年,2.9%,2.0%,6.3,218,-1.73%,-2.27%,-11.4%,-11.6%,96.35,94.56,1.51,96.07,18.4%,36%,54%,15%,0.1,AA,5.0%,159,20,济川转债!
197,嘉澳转债!,113502,嘉澳环保,603822,城市公用设施,101.41,-0.35%,0.32%,26.77,-0.48%,1.4,0.8%,112.3,45.04,2.66,59.44,70.6%,转股中,3.80年,1.80年,9.4%,5.6%,1.9,20,2.77%,2.16%,0.70%,0.42%,91.73,90.37,3.1,93.47,8.5%,49%,41%,17%,0.07,AA-,6.0%,143,32,嘉澳转债!
198,久立转2!,128019,久立特材,2318,石油天然气化工,129.999,0.15%,-1.49%,9.69,-1.62%,7.9,0.6%,109.8,7.92,2.63,122.35,6.3%,转股中,3.80年,1.80年,12.8%,15.6%,10.0,82,-4.42%,-4.86%,-11.4%,-11.6%,93.24,91.53,38.2,129.73,0.2%,33%,16%,17%,0.82,AA,5.0%,138,13,久立转2!
199,时达转债!,128018,新时达,2527,机械装备制造,100.088,-0.12%,-0.10%,5.26,-1.31%,3.8,0.4%,110.3,7.45,1.31,70.6,41.8%,转股中,3.79年,1.79年,27.0%,19.0%,8.8,33,2.65%,2.12%,1.38%,1.10%,93.50,92.0,4.68,96.68,3.5%,33%,24%,16%,0.17,AA,5.0%,130,40,时达转债!
200,小康转债!,113016,小康股份,601127,汽车,100.14,-0.05%,0.03%,11.33,-0.18%,1.9,0.2%,110.3,17.12,2.16,66.18,51.3%,转股中,3.79年,1.79年,8.3%,5.5%,8.8,106,2.63%,2.11%,1.36%,1.07%,93.50,92.0,3.65,95.65,4.7%,30%,29%,16%,0.12,AA,5.0%,134,35,小康转债!
201,金禾转债!,128017,金禾实业,2597,石油天然气化工,124.46799999999999,-0.29%,0.18%,24.32,-0.16%,1.7,0.2%,109.8,22.96,3.37,105.92,17.5%,转股中,3.78年,1.78年,4.4%,4.7%,6.0,136,-3.32%,-3.77%,-9.54%,-9.76%,93.33,91.62,24.75,116.37,7.0%,35%,30%,17%,0.69,AA,5.0%,143,11,金禾转债!
202,林洋转债!,113014,林洋能源,601222,能源电力,104.83,-0.30%,0.16%,5.32,-2.03%,12.0,0.4%,110.3,8.59,0.97,61.93,69.3%,转股中,3.76年,1.76年,32.1%,19.9%,30.0,94,1.39%,0.87%,-1.01%,-1.29%,93.62,92.13,2.83,94.96,10.4%,36%,38%,16%,0.07,AA,5.0%,148,24,林洋转债!
203,雨虹转债!,128016,东方雨虹,2271,建筑,134.201,-2.72%,0.50%,28.17,-2.63%,25.0,1.0%,109.8,22.4,4.78,125.76,6.7%,转股中,3.68年,1.68年,4.4%,5.5%,18.0,419,-5.40%,-5.85%,-11.5%,-11.7%,94.61,93.67,38.43,132.1,1.6%,51%,23%,16%,0.84,AA+,4.5%,143,12,雨虹转债!
204,国君转债!,113013,国泰君安,601211,金融,123.5,-0.87%,-0.50%,18.5,-2.63%,80.0,0.9%,109.3,19.4,1.38,95.36,29.5%,转股中,3.46年,无权,4.2%,4.1%,70.0,1648,-3.54%,-4.01%,无权,无权,无权,95.72,14.07,109.78,12.5%,27%,35%,17%,0.52,AAA,4.0%,152,16,国君转债!
205,久其转债!,128015,久其软件,2279,计算机及应用,104.5,0.48%,-0.38%,7.12,0.42%,14.0,1.7%,111.8,9.48,5.29,75.11,39.1%,转股中,3.38年,1.38年,15.4%,11.6%,7.8,51,2.06%,1.40%,-1.22%,-1.54%,91.80,88.0,8.64,96.64,8.1%,46%,33%,17%,0.25,A+,7.5%,134,57,久其转债!
206,模塑转债!,127004,模塑科技,700,汽车,133.12,4.92%,3.61%,10.15,9.97%,666.0,64.3%,114.3,7.59,3.8,133.73,-0.5%,转股中,3.36年,1.36年,9.5%,12.7%,8.0,84,-4.52%,-5.23%,-14.0%,-14.3%,95.48,97.35,43.28,140.63,-5.3%,38%,13%,17%,0.86,AA,5.0%,133,78,模塑转债!
207,永东转债!,128014,永东股份,2753,石油天然气化工,101.631,-0.37%,0.35%,7.87,-0.38%,1.5,0.4%,112.3,12.64,1.9,62.26,63.2%,转股中,3.24年,1.24年,11.4%,7.1%,3.4,30,3.21%,2.47%,0.83%,0.43%,94.81,93.4,2.7,96.1,5.8%,52%,37%,17%,0.06,AA-,6.0%,141,35,永东转债!
208,骆驼转债!,113012,骆驼股份,601311,汽车,109.38,-0.03%,-0.27%,10.3,-1.34%,2.0,0.4%,108.8,13.29,1.43,77.5,41.1%,转股中,3.17年,1.17年,5.7%,4.4%,5.1,89,-0.17%,-0.69%,-4.75%,-5.10%,96.14,93.52,5.89,99.42,10.0%,35%,35%,16%,0.22,AA,5.0%,141,15,骆驼转债!
209,光大转债,113011,光大银行,601818,金融,124.22,-0.50%,-0.55%,4.13,-1.67%,328.0,0.9%,109.3,3.97,0.7,104.03,19.4%,转股中,3年55天,无权,13.8%,14.4%,300.0,2168,-4.07%,-4.58%,无权,无权,无权,96.88,17.97,114.85,8.2%,20%,28%,16%,0.63,AAA,4.0%,144,21,光大转债
210,洪涛转债!,128013,洪涛股份,2325,建筑,99.51100000000001,0.41%,-0.41%,3.32,-0.60%,17.0,1.4%,111.3,8.0,1.29,41.5,140%,转股中,2.52年,0.52年,28.9%,12.0%,12.0,41,4.63%,3.75%,3.39%,2.85%,98.47,98.65,0.44,99.09,0.4%,33%,33%,16%,0.0,AA,5.0%,158,90,洪涛转债!
211,海印转债!,127003,海印股份,861,商业零售,105.14,-0.10%,-0.19%,2.41,-1.63%,5.4,0.5%,113.3,3.01,1.53,80.07,31.3%,转股中,2.38年,0.38年,17.5%,14.0%,9.4,54,3.25%,2.20%,-5.78%,-6.39%,99.14,101.1,3.05,104.15,0.9%,28%,20%,16%,0.18,AA,5.0%,130,70,海印转债!
212,辉丰转债!,128012,辉丰股份,2496,石油天然气化工,97.73,-1.23%,1.23%,2.62,-5.07%,33.0,3.9%,105.6,7.71,1.33,33.98,188%,转股中,2.25年,0.25年,21.4%,7.3%,8.4,39,3.57%,3.06%,17.1%,14.8%,101.24,90.02,12.27,102.29,-4.5%,42%,<2%,17%,0.0,A+,7.5%,161,66,辉丰转债!
213,顺昌转债!,128010,澳洋顺昌,2245,交通运输,109.193,0.65%,-0.65%,5.14,-0.39%,7.8,1.4%,111.2,9.26,2.49,55.51,96.7%,转股中,2年0.1天,0.1天,10.1%,5.6%,5.1,50,0.93%,-0.11%,-44.6%,-46.7%,101.05,101.07,0.6,101.67,7.4%,40%,51%,17%,0.0,AA,5.0%,163,39,顺昌转债!
214,广汽转债!,113009,广汽集团,601238,汽车,115.26,-0.40%,0.06%,11.3,-2.67%,18.0,0.6%,109.0,14.41,1.46,78.42,47.0%,转股中,2年0.1天,0.1天,2.2%,1.7%,25.0,1157,-2.81%,-3.61%,-77.5%,-79.3%,101.10,100.93,1.47,102.4,12.6%,35%,43%,15%,0.13,AAA,4.0%,152,12,广汽转债!
215,九州转债!,110034,九州通,600998,医药,109.45,-1.08%,0.84%,15.54,-1.21%,13.0,0.8%,109.6,18.32,1.86,84.83,29.0%,转股中,1.98年,回售中,5.1%,4.4%,15.0,292,0.07%,-0.82%,回售中,回售中,103.00,100.5,2.9,103.4,5.9%,24%,28%,15%,0.2,AA+,4.5%,134,32,九州转债!
216,国贸转债!,110033,厦门国贸,600755,交通运输,115.75,-0.44%,-0.52%,7.21,-2.30%,8.9,0.6%,109.7,7.42,1.02,97.17,19.1%,转股中,1.96年,回售中,9.1%,8.8%,12.0,133,-2.73%,-3.61%,回售中,回售中,100.28,101.66,7.13,108.79,6.4%,32%,28%,15%,0.42,AAA,4.0%,134,17,国贸转债!
217,航信转债!!,110031,航天信息,600271,计算机及应用,126.38,-0.21%,-2.23%,23.59,-4.03%,8.8,0.3%,108.5,21.79,3.95,108.26,16.7%,转股中,1.39年,回售中,5.5%,5.9%,24.0,439,-10.5%,-11.5%,回售中,回售中,100.23,102.8,12.46,115.27,9.6%,38%,37%,17%,0.61,AAA,4.0%,144,14,航信转债!!
218,电气转债!,113008,上海电气,601727,能源电力,116.76,0.48%,-0.82%,4.99,-0.99%,21.0,0.4%,108.1,5.13,1.23,97.27,20.0%,转股中,1年11天,回售中,5.9%,5.7%,45.0,756,-7.28%,-8.62%,回售中,回售中,103.00,104.38,4.03,108.4,7.7%,30%,32%,16%,0.34,AAA,3.5%,136,18,电气转债!
